ID,brand,name_cn,name_fr,year,score,top_note,middle_note,base_note,note
921283,香奈儿,珍藏系列-1957,Chanel 1957,2019,8.8,,,,醛 麝香 香柠檬 鸢尾根 橙花 雪松 蜂蜜 脂粉味
204851,香奈儿,珍藏系列-梧桐影木淡香精,Chanel Sycomore Eau de Parfum,2016,8.8,,,,香根草 柏树 杜松 辛香料 檀香木 烟草 粉红胡椒 醛 紫罗兰
945660,香奈儿,珍藏系列-梧桐影木淡香水,Chanel Les Exclusifs de Chanel Sycomore,2008,8.9,,,,香根草 柏树 烟草 杜松 檀香木 醛 粉红胡椒 辛香料 紫罗兰
750128,香奈儿,19号淡香精,Chanel N°19 Eau de Parfum,1970,8.6,绿叶 香柠檬 橙花油,鸢尾花 玫瑰 水仙花 铃兰 依兰,橡木苔 香根草 皮革 檀香木,
298678,香奈儿,可可小姐,Chanel Coco Mademoiselle,2001,8.4,橙子 橘子 香柠檬 橙花,玫瑰 茉莉 含羞草 依兰,广藿香 麝香 香草 香根草 零陵香豆 红没药,
649941,香奈儿,绅士,Chanel Pour Monsieur,1955,9,柠檬 苦橙叶 橙花油,小豆蔻 生姜 芫荽 罗勒,橡木苔 香根草 雪松,
331341,香奈儿,嘉柏丽尔天性,Chanel Gabrielle Essence,2019,8.4,柑橘 桃子 红色水果 苦橙叶 黑加仑,白色花系 晚香玉 依兰 茉莉 橙花 椰子,麝香 香草 檀香木,
896190,香奈儿,19号淡香水,Chanel N°19 EDT,1970,8.7,白松香 风信子 香柠檬 橙花油,鸢尾花 鸢尾根 玫瑰 铃兰 水仙花 茉莉 依兰,橡木苔 香根草 皮革 雪松 麝香 檀香木,
997029,香奈儿,5号典藏版,Chanel N°5 (Vintage),1921,8.3,醛 依兰 橙花油 柠檬 香柠檬,玫瑰 鸢尾花 茉莉 鸢尾根 铃兰,麝猫香 琥珀 檀香木 麝香 香草 橡木苔 广藿香 香根草,
291295,香奈儿,5号淡香精,Chanel N°5 Eau de Parfum,1986,8.3,醛 依兰 橙花油 香柠檬 桃子,鸢尾花 茉莉 玫瑰 铃兰,檀香木 香草 橡木苔 香根草 广藿香,
548145,香奈儿,俄罗斯皮革淡香精,Chanel Cuir de Russie Eau de Parfum,2016,8,橙花 橘子 香柠檬,依兰 茉莉 烟草 玫瑰,皮革 桦木 树脂,
421286,香奈儿,珍藏系列-绿色气息淡香精,Chanel Bel Respiro Eau de Parfum,2016,7.5,,,,绿叶 青草 花香 皮革
500546,香奈儿,珍藏系列-米西亚淡香精,Chanel Misia Eau de Parfum,2016,7.8,醛 荔枝,树莓 玫瑰 玫瑰 桃子,紫罗兰 脂粉味 鸢尾根 皮革 零陵香豆 香草 安息香脂,
212200,香奈儿,5号淡香精圣诞限量版,Chanel N°5 Eau de Parfum Red Edition,2018,8.9,醛 依兰 橙花油 香柠檬 桃子,鸢尾花 茉莉 玫瑰 铃兰,檀香木 香草 橡木苔 香根草 广藿香,
469380,香奈儿,绅士淡香精,Chanel Pour Monsieur Eau de Parfum,2016,8.2,,,,柠檬 香草 肉豆蔻 薰衣草 香根草
182220,香奈儿,珍藏系列-18号淡香精,Chanel N°18 Eau de Parfum,2016,7.2,,,,黄葵 果香 木质 鸢尾花 花香
230890,香奈儿,绅士浓缩版,Chanel Pour Monsieur Concentree,1989,7.8,橘子 薰衣草 苦橙叶,小豆蔻 肉豆蔻,香草 橡木苔 红没药 香根草,
274540,香奈儿,邂逅柔情（粉邂逅）香发喷雾,Chanel Chance Eau Tendre Hair Mist,0000,8.5,,,,木梨 茉莉 葡萄柚 麝香
725309,香奈儿,俄罗斯皮革香精版,Chanel Cuir de Russie Parfum,1924,9.8,,,,皮革 醛 依兰 茉莉 烟草 玫瑰 香草
958405,香奈儿,水晶恋绿意淡香精,Chanel Cristalle Eau Verte Eau de Parfum,2023,8.1,,,,绿叶 柑橘 木兰 茉莉
228191,香奈儿,香奈儿之花,Chanel Une Fleur de Chanel,1998,8.2,绿叶 柑橘,茉莉 山茶花,檀香木,
426323,香奈儿,可可小姐香发喷雾,Chanel Coco Mademoiselle Hair Mist,0000,9,,,,玫瑰 橙子 广藿香
740073,香奈儿,魅力香精,Chanel Allure Parfum,0000,9.1,,,,橘子 香草 玫瑰
103114,香奈儿,黑木,Chanel Bois Noir,1987,8.7,,,,檀香木 黄葵 玫瑰 薰衣草 巴西红木 橘子 芫荽 香草
464418,香奈儿,邂逅清新（绿邂逅）香发喷雾,Chanel Chance Eau Fraiche Hair Mist,0000,8.4,,,,香橼 柚木 茉莉
376264,香奈儿,珍藏系列-东方屏风香精版,Chanel Coromandel Parfum,2019,9.9,苦橙 橙花油 柑橘,广藿香 鸢尾根 茉莉 玫瑰,乳香 安息香脂 劳丹脂,
385112,香奈儿,黑色可可香精版,Chanel Coco Noir Extrait,2014,8.8,葡萄柚 香柠檬 醛 柠檬,玫瑰 水仙花 天竺葵 茉莉 公丁香,广藿香 乳香 零陵香豆 檀香木 香草 麝香 安息香脂 鸢尾根,
189200,香奈儿,5号诱惑,Chanel N°5 Elixir Sensuel,2004,8.8,醛 橙花油,依兰 鸢尾花 茉莉,琥珀 木质,
163437,香奈儿,邂逅香精版,Chanel Chance Parfum,2003,8.8,,,,茉莉 鸢尾花 麝香 香草
217256,香奈儿,岛屿森林,Chanel Bois Des Iles Parfum,0000,9.7,,,,檀香木 姜饼 香根草 依兰 香草 零陵香豆 茉莉 玫瑰 杏仁
469091,香奈儿,珍藏系列-梧桐影木香精,Chanel Sycomore Parfum,2022,8.6,,,,香根草 鸢尾花 香草 雪松 皮革
394623,香奈儿,5号香发喷雾,Chanel N°5 Hair Mist,0000,9.2,,,,玫瑰 茉莉
750944,香奈儿,嘉柏丽尔香精,Chanel Gabrielle Parfum,2022,8.9,,,,茉莉 晚香玉 橙花 香草 依兰 檀香木
654819,香奈儿,19号古龙水,Chanel N°19 Eau de Cologne,1971,8.5,香柠檬 白松香 风信子 橙花油,鸢尾花 茉莉 铃兰 水仙花.玫瑰 依兰,橡木苔 皮革 麝香 檀香木 雪松,
307213,香奈儿,感性魅力淡香水,Chanel Allure Sensuelle Eau de Toilette,2006,7.7,粉红胡椒 香柠檬 橘子,香根草 干果 鸢尾花 玫瑰 茉莉,广藿香 香草 琥珀 劳丹脂 麝香,
586197,香奈儿,蔚蓝珍藏香精,Chanel Bleu de Chanel L'Exclusif,2025,8,,,,木质 琥珀 劳丹脂 檀香木
220781,香奈儿,5号香氛发香雾,Chanel N°5 Hair Fragrance,2021,8.4,,,,茉莉 玫瑰
274013,香奈儿,栀子花香精版,Chanel Gardénia Extrait de Parfum,2017,8.4,,,,栀子花
690193,香奈儿,5号淡香精100周年纪念限量版,Chanel N°5 Eau de Parfum 100th Anniversary – Ask For The Moon Limited Edition,2021,9.6,醛 依兰 香柠檬 桃子 橙花油,鸢尾花 铃兰 玫瑰 茉莉,檀香木 橡木苔 广藿香 香根草 香草,
213773,香奈儿,珍藏系列-栀子花淡香水,Chanel Gardénia Eau de Toilette,2007,8.4,橙花 茉莉 栀子花 绿叶,晚香玉 椰子 果香,麝香 香根草 广藿香 檀香木 香草,
467133,香奈儿,感性魅力香精版,Chanel Allure Sensuelle Parfum,2006,,,,,东方香料 玫瑰 香草 茉莉
368056,香奈儿,5号之水限定珍藏版,Chanel N°5 L’EAU – Limited edition,2024,8.7,醛 青柠 橘子 橙子 柠檬 香柠檬 橙花油,依兰 玫瑰 茉莉,麝香 雪松 鸢尾根 香草,
556190,香奈儿,邂逅活力（橙邂逅）香发喷雾,Chanel Chance Eau Vive Hair Mist,0000,8.4,,,,葡萄柚 血橙 鸢尾花 雪松 茉莉
576940,香奈儿,珍藏系列-22号淡香水,Chanel Les Exclusifs de Chanel N°22 EDT,2007,,醛 橙花油 铃兰,依兰 茉莉 玫瑰,香草 香根草,
649054,香奈儿,自我浓缩古龙水,Chanel Egoiste Cologne Concentree,1992,8.5,,,,檀香木 肉桂 辛香料 黑檀红木 香草 木质 皮革
512375,香奈儿,邂逅（黄邂逅）香发喷雾,Chanel Chance Hair Mist,0000,7.2,,,,广藿香 茉莉 粉红胡椒 琥珀
694102,香奈儿,可可小姐清新喷雾,Chanel Coco Mademoiselle L'Eau,2021,,橙子 香柠檬,玫瑰 茉莉,麝香,
566873,香奈儿,可可小姐精粹版,Chanel Coco Mademoiselle L’Extrait,2012,8.9,橙子 香柠檬,玫瑰 茉莉 鸢尾花,广藿香 麝香 香根草 香草,
134308,香奈儿,可可小姐香发喷雾,Chanel Coco Mademoiselle Hair Mist,2023,9,橙子,茉莉 玫瑰,广藿香 香根草,
873057,香奈儿,珍藏系列-米色时尚香精,Chanel Les Exclusifs de Chanel Beige Parfum,2014,,,,,小苍兰 鸡蛋花 蜂蜜 山楂
459177,香奈儿,蔚蓝香氛喷雾,Chanel Bleu de Chanel All-Over Spray,2021,7.3,葡萄柚 薄荷 柠檬 粉红胡椒,生姜 茉莉 龙涎酮 肉豆蔻,麝香 劳丹脂 焚香 广藿香 雪松 檀香木 香根草,
272703,香奈儿,魅力女士清新之水夏季版,Chanel Allure Eau Fraichissante Pour l'Ete,2002,,香柠檬 醛 葡萄柚 橘子 血橙,木兰 茉莉 睡莲 忍冬 玫瑰,香草 香根草,
280594,香奈儿,5号淡香水100周年纪念限量版,Chanel N°5 L'Eau Eau De Toilette 100th Anniversary – Ask For The Moon Limited Edition,2021,,柠檬 醛 青柠 香柠檬 橙花油 橘子 橙子,依兰 茉莉 玫瑰,麝香 鸢尾根 雪松 香草,
256969,香奈儿,魅力男士清新之水夏季版,Chanel Allure Homme Eau Fraichissante Pour l'Ete,2002,,醛 橙子 香柠檬 橘子,香根草 雪松,零陵香豆 粉红胡椒 劳丹脂,
303963,香奈儿,魅力男士运动超轻版,Chanel Allure Homme Sport Superleggera,2024,6,橘子 柑橘,木质 雪松,麝香 广藿香 檀香木,
238369,香奈儿,梧桐影木,Chanel Sycomore,1930,7.7,香柠檬 橙花油,忍冬 茉莉 玫瑰 依兰,雪松 麝香 檀香木 烟草 紫罗兰,
126901,香奈儿,珍藏系列-自由旅程香精,Chanel Les Exclusifs de Chanel Jersey Parfum,2014,,,,,薰衣草 香草 麝香 零陵香豆 野花 玫瑰 青草 茉莉
225872,香奈儿,5号香精圣诞限量版,Chanel N°5 Parfum Red Edition,2018,,醛 橙花油,茉莉 玫瑰,木质,
960656,香奈儿,珍藏系列-一九三二香精,Chanel Les Exclusifs de Chanel 1932 Parfum,2014,,香柠檬 醛 橙花油,茉莉 玫瑰 紫丁香 依兰 康乃馨,鸢尾根 香根草 黄葵 红没药 麝香 香草 檀香木 焚香 香豆素,
248060,香奈儿,可可小姐黑色发雾,Chanel Coco Noir Hair Mist,2018,,葡萄柚,天竺葵 玫瑰 茉莉,广藿香 零陵香豆 香草 麝香,
415495,香奈儿,5号之水,Chanel N°5 Collection,2021,,,,,
407046,香奈儿,5号淡香精限量版,Chanel N°5 Eau de Parfum Limited Edition,2024,,醛 依兰 橙花油 桃子 香柠檬,茉莉 鸢尾花 铃兰 玫瑰,橡木苔 香草 檀香木 广藿香 香根草,
356083,香奈儿,1940,本色香奈儿 Chanel Le 1940 Beige de Chanel,1931,,鸢尾花,茉莉,橡木苔 龙涎香,
749471,香奈儿,5号香精版百家乐限定,Chanel N°5 Parfum Baccarat Grand Extrait,2021,,醛 依兰 橙花油 香柠檬 柠檬,鸢尾花 鸢尾根 茉莉 玫瑰 铃兰,麝猫香 檀香木 橡木苔 香根草 广藿香 琥珀 麝香 香草,
472811,香奈儿,魅力香发喷雾,Chanel Allure Hair Mist,0000,,,,,玫瑰 橘子 香草
991809,香奈儿,1940,蔚蓝 Chanel Le 1940 Bleu de Chanel,1931,,醛 百合,醋栗叶 铃兰 紫罗兰 仙客来,香根草 檀香木 雪松,
122455,香奈儿,1940,性感香奈儿 Chanel Le 1940 Rouge de Chanel,1931,,天竺葵 醛,玫瑰 紫罗兰,琥珀 香根草,
708730,香奈儿,46号,Chanel N°46,1946,,香柠檬 橙花油 橙子,玫瑰 依兰 茉莉 铃兰,鸢尾根 麝香 檀香木 香草 孜然 香根草,
912439,香奈儿,嘉柏丽尔柔雾,Chanel Gabrielle Fragrance Primer,2025,,黑加仑 葡萄柚 橘子,晚香玉 橙花 茉莉 依兰,麝香 檀香木,
653606,香奈儿,Chanel,Coco Mademoiselle Fragrance Primer,2025,,香柠檬 橙花 橘子 橙子,茉莉 玫瑰 含羞草 依兰,红没药 广藿香 香根草 零陵香豆 麝香 香草,
803356,香奈儿,珍藏系列-东方屏风淡香水,Chanel Les Exclusifs de Chanel Coromandel,2007,8.5,苦橙 橙花油 柑橘,广藿香 鸢尾根 玫瑰 茉莉,安息香脂 白巧克力 木质 焚香 香草 乳香 麝香,
256912,香奈儿,5号之水,Chanel N°5 L'Eau,2016,8.1,醛 柠檬 橘子 橙子,依兰 茉莉 玫瑰,麝香 鸢尾根 雪松 香根草,
777924,香奈儿,邂逅清新（绿邂逅）淡香水,Chanel Chance Eau Fraiche,2007,7.9,柠檬 雪松 香橼,凤眼兰 粉红胡椒 茉莉,广藿香 麝香 香根草 柚木 鸢尾花 琥珀,
331972,香奈儿,5号淡香水,Chanel N°5 Eau de Toilette,1924,8.3,醛 依兰 橙花油 柠檬 香柠檬,鸢尾花 茉莉 玫瑰 鸢尾根 铃兰,麝猫香 檀香木 麝香 橡木苔 香根草 琥珀 香草 广藿香,
328164,香奈儿,邂逅柔情（粉邂逅）淡香水,Chanel Chance Eau Tendre,2010,7.9,木梨 葡萄柚,风信子 茉莉,麝香 鸢尾花 雪松 琥珀,
587917,香奈儿,可可女士,Chanel Coco Eau de Parfum,1984,8.6,玫瑰 芫荽 桃子 茉莉 橘子,公丁香 玫瑰 橙花 含羞草 三叶草,琥珀 檀香木 零陵香豆 麝猫香 红没药 香草 劳丹脂,
793115,香奈儿,之水系列,巴黎-爱丁堡 Chanel Paris – Édimbourg,2021,8.2,柠檬 香柠檬,杜松子 柏树,雪松 香根草,
774306,香奈儿,之水系列,巴黎-杜维埃 Chanel Paris – Deauville,2018,8.1,罗勒 青柠 橙子 香柠檬 苦橙叶 柠檬,绿叶 希蒂莺 茉莉 玫瑰,广藿香,
167347,香奈儿,蔚蓝淡香精,Chanel Bleu de Chanel Eau de Parfum,2014,7.9,葡萄柚 柠檬 薄荷 粉红胡椒 香柠檬 醛 芫荽,生姜 肉豆蔻 茉莉 香瓜,焚香 琥珀 雪松 檀香木 广藿香 琥珀木 劳丹脂,
595834,香奈儿,嘉柏丽尔,Chanel Gabrielle,2017,7.8,葡萄柚 橘子 黑加仑,橙花 茉莉 依兰 晚香玉 铃兰 梨 粉红胡椒,麝香 檀香木 开司米酮 鸢尾根,
557383,香奈儿,可可小姐黑色,Chanel Coco Noir,2012,8.2,葡萄柚 香柠檬 橙子,玫瑰 天竺葵 茉莉 水仙花 桃子,广藿香 檀香木 乳香 零陵香豆 香草 麝香 公丁香 安息香脂,
589834,香奈儿,珍藏系列-康朋街31号,Chanel Les Exclusifs de Chanel 31 Rue Cambon,2007,8.6,香柠檬 胡椒 绿叶,鸢尾花 依兰 玫瑰,广藿香 劳丹脂,
176433,香奈儿,蔚蓝淡香水,Chanel Bleu de Chanel Eau de Toilette,2010,7.6,葡萄柚 柠檬 薄荷 粉红胡椒,生姜 肉豆蔻 茉莉 龙涎酮,焚香 香根草 雪松 檀香木 广藿香 劳丹脂 麝香,
567250,香奈儿,珍藏系列-清新古龙水,Chanel Les Exclusifs de Chanel Eau de Cologne,2007,8.9,柠檬 香柠檬 柑橘 绿叶,橙花油 苦橙叶 辛香料,麝香 零陵香豆,
825753,香奈儿,珍藏系列-东方屏风淡香精,Chanel Coromandel Eau de Parfum,2016,8.6,苦橙 柑橘 橙花油,广藿香 鸢尾根 玫瑰 茉莉,安息香脂 白巧克力 琥珀 乳香 焚香 木质 麝香,
468431,香奈儿,之水系列,巴黎-比亚利兹 Chanel Paris – Biarritz,2018,8.1,蜜橘 香柠檬 橙子 柠檬 葡萄柚,橙花油 绿叶 铃兰,麝香 广藿香,
606270,香奈儿,19号香精版,Chanel N°19 Parfum,1970,9.5,白松香 橙花油,鸢尾根 玫瑰 水仙花 茉莉 希蒂莺 依兰,橡木苔 香根草 雪松 麝香,
440460,香奈儿,邂逅（黄邂逅）淡香水,Chanel Chance Eau de Toilette,2002,7.6,广藿香 粉红胡椒 菠萝 风信子 鸢尾花,柠檬 茉莉 玫瑰,广藿香 麝香 香根草 香草,
342962,香奈儿,5号香精版,Chanel N°5 Parfum,1921,8,醛 依兰 橙花油 香柠檬 柠檬,鸢尾花 茉莉 玫瑰 鸢尾根 铃兰,麝猫香 麝香 琥珀 檀香木 橡木苔 香根草 香草 广藿香,
918503,香奈儿,蔚蓝香精版,Chanel Bleu de Chanel Parfum,2018,8,柠檬皮 香柠檬 薄荷 艾蒿,薰衣草 菠萝 天竺葵 绿叶,檀香木 雪松 琥珀木 龙涎酮 零陵香豆,
664020,香奈儿,珍藏系列-法式别墅淡香精,Chanel La Pausa Eau de Parfum,2016,8.6,,,,鸢尾花 木质 绿叶 脂粉味
607576,香奈儿,水晶恋淡香水,Chanel Cristalle Eau de Toilette,1974,8.6,柠檬 香柠檬,风信子 巴西红木 忍冬 茉莉,橡木苔 香根草,
748009,香奈儿,可可小姐淡香水,Chanel Coco Mademoiselle Eau de Toilette,2002,8.2,橙子 香柠檬 葡萄柚,荔枝 玫瑰 茉莉,广藿香 香根草 香草 麝香,
872811,香奈儿,之水系列,巴黎-威尼斯 Chanel Paris – Venise,2018,7.7,柠檬 橙子 苦橙叶 香柠檬 粉红胡椒,鸢尾花 橙花油 依兰 玫瑰 天竺葵,零陵香豆 麝香 香草 紫罗兰 鸢尾根 安息香脂,
809824,香奈儿,力度,Chanel Antaeus,1981,8.2,没药 快乐鼠尾草 芫荽 香柠檬 青柠 柠檬,玫瑰 百里香 罗勒 茉莉,海狸香 橡木苔 广藿香 劳丹脂,
169415,香奈儿,魅力男士运动,Chanel Allure Homme Sport,2004,7.7,橙子 海水 醛 橘子,胡椒 橙花油 雪松,零陵香豆 香草 麝香 琥珀 香根草 榄香脂,
746079,香奈儿,自我,Chanel Egoiste,1990,8.3,巴西红木 芫荽 桃花心木 橘子,肉桂 玫瑰 康乃馨,檀香木 烟草 香草 皮革 琥珀 黄葵,
879092,香奈儿,可可小姐馥郁版,Chanel Coco Mademoiselle Intense,2018,8.3,橙子 香柠檬 柠檬,玫瑰 果香 茉莉,广藿香 香草 零陵香豆 麝香 劳丹脂,
113878,香奈儿,之水系列,巴黎-巴黎 Chanel Paris – Paris,2022,7.9,柑橘 粉红胡椒 柠檬,玫瑰,广藿香,
392220,香奈儿,珍藏系列-岛屿森林,Chanel Bois des Iles,1926,8.1,醛 芫荽 橙花油 桃子 香柠檬 橘子,依兰 鸢尾花 鸢尾根 茉莉 玫瑰 紫丁香 铃兰,檀香木 琥珀 安息香脂 零陵香豆 红没药 香草 麝香 香根草,
966334,香奈儿,珍藏系列-狮子,Chanel Le Lion de Chanel,2020,7.6,香柠檬 柠檬,劳丹脂 琥珀,香草 广藿香 麝香 檀香木,
305753,香奈儿,珍藏系列-俄罗斯皮革,Chanel Les Exclusifs de Chanel Cuir de Russie,2007,8,橙花 香柠檬 橘子,依兰 茉莉 玫瑰 东方香料,皮革 桦木 烟草 麝香,
634944,香奈儿,白金,Chanel Egoiste Platinum,1993,7.7,薰衣草 迷迭香 橙花油 苦橙叶,天竺葵 快乐鼠尾草 白松香 茉莉,橡木苔 香根草 雪松 檀香木 琥珀,
182443,香奈儿,珍藏系列-22号淡香精,Chanel Les Exclusifs de Chanel N°22 EDP,2016,8.3,醛 橙花油 铃兰,依兰 茉莉 玫瑰 晚香玉,香草 香根草,
304577,香奈儿,邂逅柔情（粉邂逅）淡香精,Chanel Chance Eau Tendre Eau de Parfum,2019,8.1,木梨 葡萄柚,玫瑰 茉莉,麝香,
571804,香奈儿,5号低调奢华版,Chanel N°5 Eau Premiere,2008,8.1,醛 依兰 橙花油,茉莉 玫瑰,香草 檀香木 香根草,
908893,香奈儿,男孩,Chanel Boy Chanel,2016,8,薰衣草 葡萄柚 柠檬,天竺葵 橙花 玫瑰,麝香 天芥菜 檀香木 香草 橡木苔 香豆素,
850007,香奈儿,珍藏系列-岛屿森林淡香精,Chanel Bois des Iles Eau de Parfum,2016,7.9,香柠檬 橘子,檀香木 依兰,树脂 木质 香草 零陵香豆,
748752,香奈儿,之水系列,巴黎-里维埃拉 Chanel Paris – Riviera,2019,7.5,柑橘 花香 橙子,橙花油 茉莉,安息香脂 檀香木,
894558,香奈儿,珍藏系列-栀子花淡香精1925版,Chanel Gardénia,1925,7.6,橙花 绿叶,栀子花 晚香玉 茉莉 果香,椰子 香草 麝香 檀香木 香根草 广藿香,
798781,香奈儿,白色魅力（白色时尚）男士,Chanel Allure Homme Edition Blanche,2008,8.4,,,,柠檬 香草 香柠檬 粉红胡椒 檀香木 零陵香豆 香根草 麝香 琥珀 雪松
828975,香奈儿,邂逅（黄邂逅）淡香精,Chanel Chance Eau de Parfum,2005,8.1,粉红胡椒,茉莉 鸢尾花,广藿香 麝香 香草,
966690,香奈儿,邂逅活力（橙邂逅）,Chanel Chance Eau Vive,2015,7.5,血橙 葡萄柚 柑橘,茉莉 麝香,香根草 雪松 鸢尾花,
118728,香奈儿,珍藏系列-米色时尚淡香水,Chanel Les Exclusifs de Chanel Beige,2008,7.8,,,,鸡蛋花 小苍兰 蜂蜜 山楂
225286,香奈儿,魅力男士,Chanel Allure Homme,1999,7.7,柠檬 桃子 生姜 橘子 薰衣草 香柠檬,胡椒 雪松 广藿香 香根草 巴西红木 玫瑰 茉莉 栀子花 茴芹 小苍兰,香草 零陵香豆 椰子 檀香木 琥珀 安息香脂 麝香 皮革 橡木苔,
119274,香奈儿,珍藏系列-康朋街三十一号淡香精,Chanel 31 Rue Cambon Eau de Parfum,2016,8.7,胡椒 香柠檬 绿叶,鸢尾花 依兰 玫瑰,广藿香 劳丹脂 木质,
867159,香奈儿,珍藏系列-一九三二,Chanel Les Exclusifs de Chanel 1932,2013,7.8,醛 橙花油 香柠檬,茉莉 紫丁香 依兰 玫瑰 康乃馨,鸢尾根 麝香 黄葵 香根草 檀香木 红没药 香草 香豆素 焚香,
693288,香奈儿,珍藏系列-法式别墅28号,Chanel Les Exclusifs de Chanel 28 La Pausa,2007,8.4,,,,鸢尾根 皮革 玫瑰
805376,香奈儿,水晶恋绿意淡香水,Chanel Cristalle Eau Verte,2009,8.1,柠檬 香柠檬,橙花油 木兰,茉莉 鸢尾花 麝香,
769731,香奈儿,19号淡雅倾心版,Chanel N°19 Poudre,2011,8.1,白松香 橙花油 橘子,鸢尾花 茉莉,香根草 麝香 零陵香豆,
613920,香奈儿,可可女士淡香水,Chanel Coco Eau de Toilette,0000,8.4,玫瑰 桃子 芫荽 橘子 茉莉,公丁香 玫瑰 含羞草 橙花 三叶草,檀香木 红没药 琥珀 麝猫香 香草 零陵香豆 劳丹脂,
786662,香奈儿,俄罗斯皮革,Chanel Les Exclusifs de Chanel Cuir de Russie,1924,8.9,快乐鼠尾草 橙花 香柠檬 柠檬 橘子,鸢尾花 依兰 康乃馨 香根草 茉莉 玫瑰 雪松,皮革 桦木 烟草 麝香 琥珀 天芥菜 香草,
602849,香奈儿,魅力,Chanel Allure,1996,7.7,柠檬 橘子 百香果 桃子 香柠檬,忍冬 茉莉 木兰 小苍兰 睡莲 橙花 牡丹 玫瑰,香草 檀香木 琥珀 香根草 广藿香,
631255,香奈儿,珍藏系列-绿色气息,Chanel Les Exclusifs de Chanel Bel Respiro,2007,7.7,,,,绿叶 青草 皮革 花香
767248,香奈儿,珍藏系列-自由旅程淡香水,Chanel Les Exclusifs de Chanel Jersey EDT,2011,7.6,,,,薰衣草 香草 麝香 零陵香豆 野花 青草 玫瑰 茉莉
457231,香奈儿,5号低调奢华2015版,Chanel N°5 Eau Premiere,2015,8.5,醛 依兰 橙花油,茉莉 玫瑰,香草 檀香木 香根草,
773405,香奈儿,珍藏系列-彗星,Chanel Les Exclusifs de Chanel Comète,2024,7.5,樱花 醛,鸢尾花 天芥菜,麝香,
714586,香奈儿,可可小姐清新之水,Chanel Coco Mademoiselle L'Eau Privée,2020,7.7,橘子,玫瑰 茉莉,麝香,
441085,香奈儿,魅力淡香精,Chanel Allure Eau de Parfum,1999,7.9,,,,桃子 香草 橘子 茉莉 香柠檬 木兰 雪松 橙花 香根草 玫瑰 牡丹 莲花
716433,香奈儿,魅力男士运动古龙水,Chanel Allure Homme Sport Cologne,2007,8.4,柠檬 香柠檬 橙子 葡萄柚 橘子 醛 橙花油,冷杉 辛香料 榄香脂,麝香 胡椒 雪松 香根草 零陵香豆,
322624,香奈儿,1号红色之水,Chanel N°1 de Chanel L'Eau Rouge,2022,7.1,红浆果 柑橘,玫瑰 茉莉 橙花,麝香 鸢尾花,
950122,香奈儿,5号之水圣诞限量版,Chanel N°5 L'Eau Red Edition,2018,8.1,醛 柠檬 橙子 橙花油 香柠檬 青柠 橘子,依兰 茉莉 玫瑰,鸢尾根 香草 雪松 麝香,
881378,香奈儿,感性魅力,Chanel Allure Sensuelle,2005,8,广藿香 粉红胡椒 桃子 橘子 香柠檬,玫瑰 玫瑰 鸢尾花 茉莉 干果,广藿香 香草 辛香料 檀香木 香根草 劳丹脂 薰衣草 琥珀,
273086,香奈儿,邂逅梦幻,Chanel Chance Eau Splendide,2025,7.1,树莓 玫瑰 紫罗兰,天竺葵 玫瑰 薄荷,鸢尾花 雪松 麝香,
814668,香奈儿,魅力极限运动,Chanel Allure Homme Sport Eau Extreme,2012,7.9,橘子 薄荷 柏树 鼠尾草,胡椒,零陵香豆 麝香 檀香木 雪松,
931343,香奈儿,水晶恋淡香精,Chanel Cristalle Eau de Parfum,1993,8.1,橘子,香瓜 茉莉 桃子 依兰,橡木苔 香根草,
187218,香奈儿,珍藏系列-22号香精版,Chanel N°22,1922,8.8,醛 橙花油 百合 晚香玉 铃兰 橙花,依兰 茉莉 玫瑰 肉豆蔻,鸢尾花 香草 香根草,
995290,香奈儿,珍藏系列-米西亚,Chanel Les Exclusifs de Chanel Misia,2015,7.2,醛 荔枝,玫瑰 玫瑰 树莓 桃子,紫罗兰 脂粉味 鸢尾花 鸢尾根 零陵香豆 含羞草 安息香脂 香草,
659582,香奈儿,珍藏系列-一九三二淡香精,Chanel 1932 Eau de Parfum,2016,7.8,梨 醛 葡萄柚,鸢尾花 花香 茉莉,麝香 香根草 香草 木质 焚香,
195988,香奈儿,珍藏系列-栀子花淡香精,Chanel Gardenia Eau de Parfum,2016,7.6,绿叶,栀子花 果香 椰子,香草,
463781,香奈儿,珍藏系列-18号,Chanel Les Exclusifs de Chanel N°18,1997,7.2,,,,黄葵 鸢尾花 果香 木质 花香
216503,香奈儿,5号古龙水,Chanel N°5 Eau de Cologne,1924,8.8,醛 依兰 橙花 香柠檬 柠檬,鸢尾花 茉莉 玫瑰 鸢尾根 铃兰,麝猫香 麝香 琥珀 香根草 广藿香 檀香木 橡木苔 香草,
719295,香奈儿,嘉柏丽尔之水,Chanel Gabrielle L'Eau,2024,8.2,红浆果 绿叶,橙花 依兰 晚香玉 茉莉,麝香 檀香木,
491642,香奈儿,邂逅清新（绿邂逅）淡香精,Chanel Chance Eau Fraiche Eau de Parfum,2023,7.7,香橼 醛,茉莉,柚木 琥珀,
770581,香奈儿,可可小姐香精版,Chanel Coco Mademoiselle Parfum,0000,8.6,香柠檬 橙子 葡萄柚,玫瑰 荔枝 茉莉,广藿香 香草 麝香 香根草,
274632,香奈儿,珍藏系列-自由旅程淡香精,Chanel Jersey Eau de Parfum,2016,7.6,,,,薰衣草 麝香 香草 零陵香豆 野花 青草 茉莉 玫瑰
180993,香奈儿,可可女士香精版,Chanel Coco Parfum,0000,9.2,玫瑰 芫荽 桃子 茉莉 橘子,玫瑰 公丁香 含羞草 橙花 三叶草,琥珀 红没药 麝猫香 檀香木 劳丹脂 香草 零陵香豆,
929381,香奈儿,白色魅力淡香精,Chanel Allure Homme Edition Blanche Eau de Parfum,2014,8.6,柠檬 香柠檬,檀香木 木质,香草 香根草,
481154,香奈儿,珍藏系列-米色时尚淡香精,Chanel Beige Eau de Parfum,2016,7.7,,,,鸡蛋花 蜂蜜 小苍兰 山楂
775241,香奈儿,嘉柏丽尔发雾,Chanel Gabrielle Chanel Hair Mist,2019,9.1,葡萄柚 橘子 黑加仑,橙花 茉莉 晚香玉 梨 铃兰 粉红胡椒 依兰,麝香 开司米酮 檀香木 鸢尾根,
449262,爱马仕,大地,Hermes Terre d'Hermes,2006,9.6,橙子 葡萄柚,胡椒 天竺葵属 火石,香根草 雪松 广藿香 安息香脂,
251428,爱马仕,尼罗河花园,Hermes Un Jardin Sur Le Nil,2005,9.6,葡萄柚 芒果 番茄 胡萝卜,莲花 香蒲 橙子 风信子 牡丹,麝香 鸢尾花 焚香 劳丹脂 肉桂,
587576,爱马仕,绯红火参（血色大黄）,Hermes Eau de Rhubarbe Ecarlate,2016,8.8,大黄,红浆果,麝香,
283964,爱马仕,大地香精,Hermes Terre d'Hermes Parfum,2009,8.9,橙子 葡萄柚 紫苏,火石,木质 橡木苔 安息香脂 雪松,
877745,爱马仕,李先生花园,Hermes Le Jardin de Monsieur Li,2015,8.7,,,,金橘 茉莉 香柠檬
146752,爱马仕,橘绿之泉古龙水,Hermes Eau d'Orange Verte,2009,8.5,,,,橙子 橡木苔 柠檬 薄荷 橘子 醋栗叶 广藿香
955897,爱马仕,橘绿之泉淡香水,Hermes Concentre d'Orange Verte,2004,8.5,,,,橙子 罗勒 雪松 广藿香 琥珀
932916,爱马仕,地中海花园,Hermes Un Jardin En Mediterranee,2003,8.4,香柠檬 柠檬 橘子,橙花 夹竹桃,柏树 无花果叶 麝香 杜松 雪松 开心果,
476435,爱马仕,橘彩星光淡香水,Hermes Eau des Merveilles,2004,8.3,橙子 榄香脂 柠檬,琥珀 胡椒 粉红胡椒 紫罗兰,冷杉 雪松 香根草 橡木苔 安息香脂,
315972,爱马仕,屋顶花园,Hermes Un Jardin Sur Le Toit,2011,8.3,,,,青草 红苹果 玫瑰 梨 迷迭香 木兰
806034,爱马仕,橘彩星光飞马版,Hermes Eau des Merveilles Pegase,2007,8.8,,,,柠檬 琥珀 雪松 苦橙 树脂 橡木 粉红胡椒 香根草 胡椒
384644,爱马仕,闻香系列-乌木灵犀（栗色沉香）,Hermes Oud Alezan,2024,7.2,,,,沉香(乌木) 玫瑰
793461,爱马仕,亚马逊清新版,Hermes Amazone Eau de Fraicheur,1993,7.5,香柠檬 橘子 黑加仑 树莓,水仙花 茉莉 晚香玉,香根草 木质,
231743,爱马仕,爱马仕的一天香精版,Hermes Jour d'Hermes Parfum,2013,8.9,柠檬 葡萄柚 水,栀子花 白色花系 绿叶 香豌豆,木质 麝香,
124925,爱马仕,凯莉凯来诗（凯莉驿马车）精粹,Hermes Kelly Caleche Extrait,2008,8.7,,,,皮革 鸢尾花 含羞草 水仙花 柑橘
795242,爱马仕,法布街（福宝大道）24号香精版,Hermes 24 Faubourg Extrait de Parfum,1995,,,,,白色花系 鸢尾花 木质 花香 麝香
495532,爱马仕,大地H,Hermes Terre d'Hermès flacon H,2013,9,橙子 葡萄柚,天竺葵属 胡椒,香根草 雪松 广藿香 安息香脂,
521274,爱马仕,舞会明星,Hermes Eau des Merveilles Au Bal des Etoiles,2012,,,,,苦橙 橡木 胡椒 龙涎香
195041,爱马仕,橘彩星光纯香精,Hermes Parfum des Merveilles,2005,9.2,,,,秘鲁香脂 橡木 广藿香 琥珀 橡木苔
360042,爱马仕,大地H特别版,Hermes Terre d'Hermes Flacon H,2015,8,橙子 葡萄柚,胡椒 天竺葵属,香根草 雪松 安息香脂 广藿香,
391004,爱马仕,橘彩星光升级限量版,Hermes Elixir des Merveilles Limited Edition Collector,2014,9.5,,,,秘鲁香脂 树脂 橡木 橙子 广藿香 焚香 雪松 焦糖 琥珀 零陵香豆 香草 檀香木
362514,爱马仕,大地H特别版淡香水,Hermes Terre d'Hermes Flacon H Eau de Toilette,2020,8.4,葡萄柚 橙子,天竺葵属 胡椒,香根草 安息香脂 广藿香 雪松,
744755,爱马仕,鸢尾麝香,Hermes Hermessence Musc Pallida,2018,,,,,麝香 鸢尾花
164041,爱马仕,琥珀奇迹,Hermes L'Ambre des Merveilles Calligraphie,2016,9.3,,,,香草 琥珀 劳丹脂 广藿香
821385,爱马仕,橘彩星光10周年限量版,Hermes Eau des Merveilles 10th Anniversary Edition,2014,8.4,苦橙 柠檬 榄香脂,粉红胡椒 胡椒 龙涎香 紫罗兰,冷杉 雪松 橡木苔 香根草,
313340,爱马仕,闻香系列-豆蔻麝香,Hermes Hermessence Cardamusc,2018,,,,,小豆蔻 麝香
385422,爱马仕,橘彩星光星云版,Hermes Eau Des Merveilles Limited Edition,2009,,橙子 柠檬 榄香脂,琥珀 胡椒 粉红胡椒 紫罗兰,冷杉 雪松 香根草 橡木苔,
403762,爱马仕,大地H香精,Hermes Terre d'Hermes Flacon H Parfum,2016,,橙子 葡萄柚,火石,橡木苔 安息香脂 木质,
606464,爱马仕,橘绿之泉文雅版,Hermes Eau d'Orange Douce,2005,,苦橙叶 绿叶 橙花油,绿叶 橙子 橘子 椴树花,雪松 檀香木 广藿香,
126482,爱马仕,大地H特别版淡香水,Hermes Terre d'Hermes Flacon H Eau de Toilette,2016,7.9,橙子 葡萄柚,胡椒 天竺葵,广藿香 香根草 雪松 安息香脂,
473090,爱马仕,橘彩星光限量版,Hermes Eau des Merveilles Limited Edition,2013,,橙子 榄香脂 柠檬,琥珀 胡椒 粉红胡椒 紫罗兰,冷杉 橡木苔 雪松 香根草,
794225,爱马仕,牛皮,Hermes Doblis,1955,,洋甘菊 芫荽 百里香,玫瑰 茉莉,皮革 橡木苔 麝香 檀香木,
548521,爱马仕,灵丹妙药,Hermes Elixir Des Merveilles Calligraphie,2018,,,,,橙子 树脂 檀香木 橡木 香草 琥珀 焦糖 秘鲁香脂 零陵香豆 焚香 广藿香 雪松
642661,爱马仕,马车地中海之花,Hermes Caleche Fleurs de Mediterranee,2003,,,,,蜂蜡 含羞草 茉莉 向日葵 玫瑰 紫罗兰叶
501523,爱马仕,芳香橘绿之泉,Hermes Aroma d'Orange Verte,2003,,,,,橙子 橘子 雪松 果香 椴树花
856211,爱马仕,橘彩星光星空限量版,Hermes Eau Des Merveilles La Tete Dans Les Etoiles,2009,,橙子 柠檬 榄香脂,粉红胡椒 紫罗兰 琥珀 胡椒,冷杉 香根草 雪松 橡木苔,
662368,爱马仕,大地H特别版淡香水,Hermes Terre d'Hermes Flacon H Eau de Toilette,2021,,橙子 葡萄柚,胡椒 天竺葵,香根草 广藿香 雪松 安息香脂,
117638,爱马仕,福宝大道24号女士与巴士白色版,Hermes 24 Faubourg Jeu Des Omnibus Et Dames Blanches,2011,,风信子 香柠檬 橙子 依兰 桃子,橙花 栀子花 接骨木花 茉莉 鸢尾花,琥珀 檀香木 广藿香 香草,
172914,爱马仕,大地H特别版淡香水,Hermes Terre d'Hermes Flacon H Eau de Toilette,2019,,橙子 葡萄柚,胡椒 天竺葵属,香根草 雪松 广藿香 安息香脂,
730711,爱马仕,福宝大道24号嬉戏限量版,Hermes 24 Faubourg Jeu De Lignes et de Lumiere,2009,,风信子 桃子 依兰 橙子 香柠檬,接骨木花 鸢尾花 橙花 茉莉 栀子花,琥珀 广藿香 香草 檀香木,
537341,爱马仕,大地H,Hermes Terre d’Hermes Flacon H,2012,,橙子 葡萄柚,胡椒 天竺葵属,香根草 广藿香 雪松 安息香脂,
316315,爱马仕,大地H特别版,Hermes Terre d'Hermes Flacon H,2018,,橙子 葡萄柚,天竺葵属 胡椒,香根草 广藿香 雪松 安息香脂,
738158,爱马仕,大地H特别版香精,Hermes Terre d'Hermes Flacon H Parfum,2019,,橙子 葡萄柚,天竺葵属 胡椒,香根草 乳香 雪松 广藿香,
949373,爱马仕,橘彩星光香精2006版,Hermes Parfum des Merveilles,2006,,,,,柑橘 干邑白兰地 广藿香 琥珀 秘鲁香脂 橡木 橡木苔 绿叶
200079,爱马仕,大地H特别版香精,Hermes Terre d'Hermes Flacon H Parfum,2021,,橙子 葡萄柚,火石,木质 安息香脂 橡木苔,
651392,爱马仕,福宝大道24号锚链,Hermes 24 Faubourg Chaine d'Ancre,2013,,依兰 风信子 橙子 桃子 香柠檬,接骨木花 鸢尾花 栀子花 橙花 茉莉,檀香木 琥珀 广藿香 香草,
402666,爱马仕,大地视界特别版,Hermes Terre d'Hermes Perspective,2014,,葡萄柚 橙子,胡椒 天竺葵属,雪松 香根草 广藿香 安息香脂,
398866,爱马仕,福宝大道24号金马刺限量版,Hermes 24 Faubourg Eperon d'Or Limited Edition,2011,,风信子 依兰 香柠檬 橙子 桃子,栀子花 橙花 鸢尾花 茉莉,琥珀 香草 广藿香 檀香木,
337626,爱马仕,大地H特别版,Hermes Terre d'Hermes Flacon H,2010,,橙子 葡萄柚,胡椒 天竺葵,香根草 广藿香 雪松 安息香脂,
913229,爱马仕,大地H浓香精,Hermes Terre d'Hermes Flacon H Parfum,2018,,橙子 葡萄柚,胡椒 天竺葵属,广藿香 雪松 香根草 安息香脂,
989879,爱马仕,大地H,Hermes Terre d’Hermes Flacon H,2009,,橙子 葡萄柚,胡椒 天竺葵属,香根草 广藿香 雪松 安息香脂,
150633,爱马仕,大地H特别版香精,Hermes Terre d'Hermes Flacon H Parfum,2020,,橙子 葡萄柚,火石,木质 橡木苔 安息香脂,
893603,爱马仕,维多利亚之水,Hermes Eau de Victoria,1944,,,,,
503907,爱马仕,马场,Hermes Paddock,2024,,,,,干草 胡萝卜籽 杜松油 松焦油 皮革
256975,爱马仕,银座之水,Hermes Eau de Ginza,2006,,,,,樱花 木兰 果香 绿叶
721633,爱马仕,爱马仕之水加冕特别版 Hermes Édition Spéciale de L'Eau d'Hermès pour la Célébration du,Couronnement de Sa Majesté l'Empereur du Japon,1990,,薰衣草 香柠檬 苦橙叶 柠檬 鼠尾草,茉莉 天竺葵 孜然 芫荽 肉桂 小豆蔻 公丁香,桦木 皮革 檀香木 零陵香豆 雪松 香草 劳丹脂 橡木苔,
480426,爱马仕,爱马仕之光（爱马仕的一天）,Hermes Jour d'Hermes,2013,8.2,葡萄柚 柠檬 水,白色花系 栀子花 绿叶 香豌豆,麝香 木质,
512583,爱马仕,爱马仕之旅,Hermes Voyage d'Hermes,2010,8.3,小豆蔻 柠檬 辛香料 杜松子,茶叶 绿叶 花香,木质 麝香 雪松,
747454,爱马仕,雪白龙胆,Hermes Eau de Gentiane Blanche,2009,8,,,,秦艽 鸢尾花 麝香 焚香
834423,爱马仕,法布街（福宝大道）24号淡香水,Hermes 24 Faubourg,1995,8.3,风信子 橙子 依兰 桃子 香柠檬,橙花 栀子花 茉莉 接骨木花 鸢尾花,琥珀 檀香木 广藿香 香草,
486751,爱马仕,闻香系列-云南丹桂,Hermes Hermessence Osmanthe Yunnan,2005,8,茶叶 橙子,桂花 小苍兰,杏 皮革,
951615,爱马仕,闻香系列-玫瑰花道,Hermes Hermessence Rose Ikebana,2004,8.2,,,,玫瑰 大黄 茶叶 柠檬 醋栗叶 橙子 麝香 辛香料 果香
563412,爱马仕,大地泠洌之水（霜冻大地）,Hermes Terre d'Hermes Eau Givree,2022,8.4,香橼,杜松子 帖木儿,木质 矿物质,
515909,爱马仕,雨后花园（印度花园）,Hermes Un Jardin Apres la Mousson,2008,7.8,,,,生姜 生姜 小豆蔻 胡椒 芫荽 水 柑橘 香根草 花香 姜百合
596914,爱马仕,大地清新,Hermes Terre d'Hermes Eau Tres Fraiche,2014,8,橙子 柑橘 水,天竺葵,木质 雪松 广藿香,
606583,爱马仕,粉红葡萄柚古龙水,Hermes Eau de Pamplemousse Rose,2009,7.8,,,,葡萄柚 橙子 玫瑰
692169,爱马仕,蓝色橘彩星光,Hermes Eau des Merveilles Bleue,2016,7.7,,,,海水 木质 广藿香 杜松子 矿物质
757126,爱马仕,黑柠檬（黑色香橼）,Hermes Eau de Citron Noir,2018,7.7,,,,柠檬 青柠 烟雾 香橼 愈创木 茶叶
989516,爱马仕,爱马仕之光纯香,Hermes Jour d'Hermes Absolu,2014,8.3,葡萄柚 杏树花,栀子花 花香 茉莉,木质 橡木苔,
882266,爱马仕,爱马仕之旅香精版,Hermes Voyage d'Hermes Parfum,2012,8.4,小豆蔻 柠檬 辛香料 杜松,茶叶 绿叶 玫瑰 花香 希蒂莺,木质 麝香 琥珀 檀香木,
154953,爱马仕,凯莉凯来诗（凯莉驿马车）淡香水,Hermes Kelly Caleche,2007,7.9,葡萄柚 水仙花 铃兰,玫瑰 含羞草 晚香玉,皮革 鸢尾花,
854289,爱马仕,鸢尾花,Hermes Hiris,1999,8.5,鸢尾花 芫荽 康乃馨 琥珀,鸢尾花 橙花油 玫瑰,雪松 杏树 蜂蜜 香草,
770004,爱马仕,橘彩星光淡香精,Hermes Elixir des Merveilles,2006,7.9,,,,树脂 橙子 琥珀 秘鲁香脂 焦糖 雪松 橡木 广藿香 焚香 檀香木 零陵香豆 香草
932876,爱马仕,大地馥郁香根草,Hermes Terre D'Hermes Eau Intense Vetiver,2018,7.7,香柠檬 葡萄柚 柠檬,花椒 天竺葵,香根草 乳香 广藿香 琥珀木,
735988,爱马仕,闻香系列-琥珀云烟,Hermes Hermessence Ambre Narguile,2004,8.3,,,,肉桂 蜂蜜 朗姆酒 焦糖 零陵香豆 香草 安息香脂 香豆素 劳丹脂 烟草 芝麻 麝香 兰花
244742,爱马仕,律动二十四,Hermes H24,2021,7.3,,,,快乐鼠尾草 水仙花 黑檀红木 斯克拉琳
573225,爱马仕,丝巾（丝意）,Hermes Twilly d’Hermès,2017,7.2,生姜 苦橙 香柠檬,晚香玉 橙花 茉莉,檀香木 香草,
789946,爱马仕,驿马车,Hermes Caleche,1961,8.1,醛 柏树 香柠檬 橙花油 橙花 柠檬 橘子,鸢尾花 依兰 玫瑰 栀子花 茉莉 铃兰,橡木苔 檀香木 香根草 雪松 麝香 琥珀 零陵香豆,
248657,爱马仕,闻香系列-檀香玛索亚,Hermes Hermessence Santal Massoïa,2011,7.5,,,,檀香木 厚壳桂 牛奶 干果 糖 花香
523915,爱马仕,龙涎柑橘,Hermes Eau de Mandarine Ambrée,2013,7.4,橘子,百香果,琥珀,
580338,爱马仕,蓝色水仙花,Hermes Eau de Narcisse Bleu,2013,7.3,,,,水仙花 橙花 香柠檬
880005,爱马仕,凯莉凯来诗（凯莉驿马车）淡香精,Hermes Kelly Caleche Eau de Parfum,2009,8.2,,,,皮革 玫瑰 紫罗兰 含羞草 鸢尾花 香草 晚香玉
492449,爱马仕,基西拉岛（西苔岛）花园,Hermes Un Jardin à Cythère,2023,7.2,,,,柑橘 开心果 橄榄树 绿叶
827656,爱马仕,橘彩星光琥珀版,Hermes L’Ambre des Merveilles,2012,7.7,,,,琥珀 香草 劳丹脂 广藿香
379017,爱马仕,金色橙花,Hermes Eau de Néroli Doré,2016,7.2,苦橙,橙花油,藏红花,
616958,爱马仕,潟湖（泻湖）花园,Hermes Un Jardin Sur La Lagune,2019,6.3,,,,海水 木兰 木质 百合 海桐花
267722,爱马仕,漂亮朋友,Hermes Bel Ami,1986,8.6,鼠尾草 香柠檬 小豆蔻 柠檬 橘子,康乃馨 广藿香 雪松 罗勒 鸢尾根 茉莉,皮革 橡木苔 安息香 香根草 琥珀 香草 椰子,
170413,爱马仕,暗影橘彩星光淡香精,Hermes L'Ombre Des Merveilles,2020,7.1,茶叶,焚香,零陵香豆,
282466,爱马仕,闻香系列-鸢尾浮世绘,Hermes Hermessence Iris Ukiyoé,2010,7,,,,鸢尾花 橙花 橘子 玫瑰
828293,爱马仕,船员,Hermes Equipage,1970,8.7,巴西红木 肉豆蔻 快乐鼠尾草 醛 香柠檬 橙子 龙蒿 马郁兰,康乃馨 松树 肉桂 铃兰 茉莉 牛膝草 鹿舌草花,橡木苔 香根草 广藿香 零陵香豆 麝香 香草 琥珀,
860910,爱马仕,巴赫尼,Hermes Barénia,2024,7.5,,,,森林水果 姜花 广藿香 橡木 芳香植物 皮革
993836,爱马仕,闻香系列-没药玫瑰,Hermes Hermessence Myrrhe Eglantine,2018,7.7,,,,玫瑰 没药
335146,爱马仕,闻香系列-馨香芳果,Hermes Hermessence Vetiver Tonka,2004,7.4,,,,香根草 零陵香豆 榛子 烟草 果仁糖 焦糖 檀香木 铃兰
905260,爱马仕,闻香系列-天使皮革,Hermes Hermessence Cuir d'Ange,2014,7.7,,,,皮革 紫罗兰 麝香 天芥菜 山楂 水仙花
792385,爱马仕,丝意粉红椒香,Hermes Twilly d'Hermes Eau Poivree,2019,7.3,,,,粉红胡椒 玫瑰 广藿香
222500,爱马仕,闻香系列-茉莉雪松,Hermes Hermessence Cedre Sambac,2018,7.3,,,,茉莉 雪松
352798,爱马仕,粉红葡萄柚淡香水,Hermes Concentré de Pamplemousse Rose EDT,2011,8.3,葡萄柚,玫瑰,香根草,
815444,爱马仕,闻香系列-琼脂乌木,Hermes Hermessence Agar Ebene,2018,7.4,,,,冷杉 沉香(乌木)
541806,爱马仕,闻香系列-椒香丝路,Hermes Hermessence Poivre Samarcande,2004,7.5,,,,胡椒 橡木 甜椒 雪松 葛缕子 橡木苔 广藿香 绿叶
341154,爱马仕,驰骋,Hermes Galop d'Hermes,2016,8.2,木梨 藏红花,玫瑰 桂花,皮革 麝香,
739446,爱马仕,洛卡巴,Hermes Rocabar,1998,8,雪松 杜松 芫荽 柠檬 香柠檬,柏树 雪松 小豆蔻 康乃馨 紫罗兰,冷杉 安息香脂 橡木苔 香草 广藿香,
188982,爱马仕,法布街（福宝大道）24号淡香精,Hermes 24 Faubourg EDP,1995,9.3,香柠檬 风信子 橙子 桃子 依兰,栀子花 鸢尾花 茉莉 橙花 接骨木花,琥珀 广藿香 檀香木 香草,
852289,爱马仕,亚马逊,Hermes Amazone,1974,8.3,白松香 醋栗叶 橙花油 巴西红木 橘子 香柠檬 紫罗兰叶,水仙花 风信子 黑加仑 玫瑰 鸢尾花 鸢尾根 茉莉 树莓 铃兰,橡木苔 香根草 橙花油 雪松 檀香木 肉桂 依兰 琥珀,
800330,爱马仕,律动二十四淡香精,Hermes H24 Eau de Parfum,2022,7.7,,,,橡木苔 快乐鼠尾草 斯克拉琳 水仙花 巴西红木
527122,爱马仕,驿马车香精版,Hermes Caleche Soie de Parfum,1992,9.1,醛 香橼 橙花油 香柠檬,鸢尾花 玫瑰 玫瑰 茉莉 橙花 铃兰,橡木苔 檀香木 香根草 雪松,
800126,爱马仕,闻香系列-刀锋薰衣草,Hermes Hermessence Brin de Reglisse,2007,6.3,,,薰衣草 甘草 干草,
154390,爱马仕,闻香系列-陶瓷铃兰,Hermes Hermessence Muguet Porcelain,2016,7.3,绿叶 梨,铃兰 希蒂莺 橙花油,动物气息 麝香,
441346,爱马仕,漂亮朋友香根草,Hermes Bel Ami Vetiver,2013,8.4,,,,皮革 香根草 榄香脂 安息香 琥珀 康乃馨 小豆蔻 鸢尾花 香草 麝猫香 罗勒 广藿香
874376,爱马仕,闻香系列-风铃兰花,Hermes Hermessence Vanille Galante,2009,6.9,,,,花香 香草 干邑白兰地 木质 辛香料 麝香 可可果 烟草
730341,爱马仕,丝意姜香,Hermes Twilly Eau Ginger,2021,7.6,牡丹,生姜 姜糖,雪松,
792516,爱马仕,胭脂,Hermes Rouge Hermes,2000,8.3,玫瑰 依兰 鸢尾花,檀香木 琥珀 香草 雪松,辛香料 桃金娘,
514721,爱马仕,律动二十四沁然逸动,Hermes H24 Herbes Vives,2024,8.3,芳香植物,梨,绿叶,
997193,爱马仕,爱马仕之光栀子花,Hermes Jour d’Hermes Gardenia,2015,7,,,,栀子花 晚香玉 茉莉 柑橘 玫瑰
831459,爱马仕,闻香系列-巴西甜椒,Hermes Hermessence Paprika Brasil,2006,6.9,甜椒 甜椒 公丁香,鸢尾花 绿叶,木质 桃花心木 木犀草,
209657,爱马仕,同名古龙水,Hermes Eau de Cologne Hermes,1953,8.9,橘子 柠檬 薄荷 罗勒 香柠檬 芫荽 木瓜 芒果,苦橙叶 薰衣草 迷迭香 橙花油 忍冬 铃兰,雪松 橡木苔 檀香木 广藿香 麝香,
759542,爱马仕,闻香系列-香料海洋,Hermes Hermessence Epice Marine,2013,5.9,,,,海水 孜然 小豆蔻 香柠檬 香根草 橡木苔 威士忌 榛子 芝麻 肉桂
757691,爱马仕,天竺葵船员,Hermes Equipage Geranium,2015,8,,,,天竺葵 辛香料 檀香木
413217,爱马仕,奇迹之水（橘彩星光花香版）,Hermes Eau Claire des Merveilles,2010,7.8,,,,木质 琥珀 花香 香草
554912,爱马仕,紫罗勒古龙水,Hermes Eau de Basilic Pourpre,2022,6.7,香柠檬,罗勒 天竺葵,辛香料 广藿香,
446322,爱马仕,驿马车,浓香精 Hermes Caleche Parfum,1961,9.6,醛 橙花油 香柠檬 柠檬 橘子,鸢尾根 依兰 栀子花 茉莉 玫瑰 铃兰,橡木苔 檀香木 乳香 琥珀 麝香 香根草 柏树 零陵香豆 雪松 香豆素,
702523,爱马仕,爱马仕之水,Hermes Eau D'Hermes,1951,7.4,香柠檬 薰衣草 柠檬 苦橙叶 鼠尾草,小豆蔻 肉桂 孜然 天竺葵 茉莉 公丁香 芫荽,皮革 桦木 檀香木 零陵香豆 雪松 香草 橡木苔 劳丹脂,
846640,爱马仕,大地馥郁,Hermes Terre d'Hermès Eau de Parfum Intense,2025,6.3,香柠檬 胡椒,咖啡 甘草,木质 熔岩 结石,
695247,爱马仕,蹦蹦跳跳,Hermes Cabriole,2022,7.5,忍冬,桂花,檀香木,
200027,爱马仕,爱马仕之香,Hermes Parfum d'Hermes,1984,9,醛 风信子 白松香 香柠檬,玫瑰 依兰 鸢尾花 茉莉,没药 焚香 檀香木 辛香料 琥珀 雪松 香草 香根草,
342448,爱马仕,丝意荔韵,Hermes Tutti Twilly,2023,6.6,,,,荔枝 生姜 麝香 花香
458121,爱马仕,玫瑰亚马逊,Hermes Rose Amazone,2014,7.2,黑加仑叶 红醋栗 葡萄柚 橘子 香柠檬 柠檬,玫瑰 黑莓 树莓 花香,木质 香草 琥珀,
581770,爱马仕,法布街（福宝大道）24号淡香精24号,Hermes 24 Faubourg Eau de Parfum Edition Numero 24,2015,8.5,橙子 风信子 香柠檬 桃子 依兰,鸢尾花 栀子花 接骨木花 橙花 茉莉,广藿香 琥珀 檀香木 香草,
440346,爱马仕,法布街（福宝大道）24号清新版,Hermes 24 Faubourg Eau Delicate,2003,7.8,,,,橙花 茉莉 天竺葵 月桂叶 麝香 檀香木
667787,爱马仕,亚马逊,Hermes Amazone,2017,8.8,醋栗叶 黑加仑花,白松香 水仙花 红浆果,香根草,
753500,爱马仕,巴赫尼馥郁,Hermes Barénia Eau de Parfum Intense,2025,8.3,,,,广藿香 皮革 橡木 姜百合
215256,爱马仕,闻香系列-紫罗兰沃林卡,Hermes Violette Volynka,2022,8.4,,,,皮革 紫罗兰 紫罗兰叶
995274,爱马仕,橘彩星光马车限量版,Hermes Eau des Merveilles Constellation,2006,8.4,冷杉 橙子 胡椒,雪松 橡木 琥珀,秘鲁香脂 安息香脂 木质,
392285,爱马仕,大地限量版,Hermes Terre d'Hermes Metal Flacon,2014,9.8,橙子 葡萄柚,胡椒 天竺葵属,香根草 雪松 广藿香 安息香脂,
407870,爱马仕,橘彩星光琥珀限量版,Hermes L'Ambre des Merveilles Limited Edition Collector,2014,7.9,,,,琥珀 香草 劳丹脂 广藿香
819362,爱马仕,胭脂清新版,Hermes Rouge Hermes Eau Delicate,2002,7.2,醛 依兰,玫瑰 香草,劳丹脂 琥珀 雪松,
722441,爱马仕,驿马车清新版,Hermes Caleche Eau Delicate,2003,8.2,醛 依兰,茉莉 玫瑰,雪松 檀香木,
250745,圣罗兰,巴黎,YSL Yves Saint Laurent Paris,1983,8.4,玫瑰 含羞草 风信子 天竺葵 绿叶 旱金莲 橙花 山楂 醋栗叶 香柠檬,玫瑰 紫罗兰 百合 椴树花 依兰 铃兰 茉莉 鸢尾根,鸢尾花 麝香 天芥菜 檀香木 橡木苔 琥珀 雪松,
192495,圣罗兰,高定衣典系列-衬衣,YSL Yves Saint Laurent Blouse,2018,8.4,粉红胡椒 香柠檬 白松香,玫瑰 当归,麝香 开司米酮,
513511,圣罗兰,鸦片男士,YSL Yves Saint Laurent Opium Pour Homme,1995,8.4,黑加仑 八角,胡椒 南姜,香草 妥鲁香脂 雪松,
203618,圣罗兰,鸦片,YSL Yves Saint Laurent Opium,1977,9.3,公丁香 胡椒 芫荽 西印度月桂 李子 茉莉 橘子 香柠檬 柑橘,康乃馨 肉桂 檀香木 广藿香 鸢尾根 玫瑰 桃子 铃兰,焚香 没药 檀香木 妥鲁香脂 琥珀 红没药 安息香脂 劳丹脂 香草 麝香 海狸香 雪松 香根草 椰子,
276588,圣罗兰,鸦片（红鸦）淡香精,YSL Yves Saint Laurent Opium Eau de Parfum,2009,8.2,橘子 香柠檬 铃兰,没药 茉莉,红没药 琥珀 广藿香 香草,
502107,圣罗兰,黑鸦片,YSL Yves Saint Laurent Black Opium,2014,7.5,咖啡 柑橘,橙花 晚香玉 茉莉,麝香 香草 广藿香,
978836,圣罗兰,高定衣典系列-丝绒,YSL Yves Saint Laurent Velours,2021,8.2,茶叶 粉红胡椒,玫瑰 茉莉 鸢尾花,广藿香 香根草 麝香,
809012,圣罗兰,大学街24,YSL Yves Saint Laurent 24 rue de l'Université,2017,8.7,,,,檀香木 仿麂皮 焚香 雪松
906858,圣罗兰,暗夜男士,YSL Yves Saint Laurent La Nuit de l'Homme,2009,8,小豆蔻,薰衣草 雪松 香柠檬,香根草 葛缕子,
779263,圣罗兰,高定衣典系列-西装（吸烟装）,YSL Yves Saint Laurent Tuxedo,2015,7.9,紫罗兰叶 芫荽 香柠檬,玫瑰 胡椒 铃兰,广藿香 龙涎香 香草,
529589,圣罗兰,鸦片男士淡香精,YSL Yves Saint Laurent Opium Pour Homme Eau de Parfum,1995,9.5,八角 黑加仑,花椒 南姜,香草 妥鲁香脂 雪松,
208284,圣罗兰,皮革,YSL Yves Saint Laurent Cuir,2016,7.8,朗姆酒 藏红花 生姜,烟草 茶叶 桂花,皮革 愈创木 沉香(乌木),
316220,圣罗兰,肆意之水,YSL Yves Saint Laurent Eau Libre,1975,7.8,,,,醛 香柠檬 苦橙叶 香根草 橙花油 希蒂莺 雪松 麝香
806852,圣罗兰,运动版男士,YSL Yves Saint Laurent L'Homme Sport,2014,6.8,柠檬马鞭草 香柠檬 醛,芫荽 木质,雪松 琥珀,
244458,圣罗兰,天之骄子古龙淡蓝版,YSL Yves Saint Laurent L’Homme Cologne Bleue,2018,6.8,海水 葡萄柚 血橙 橘子 胡椒 小豆蔻,薰衣草 苹果 天竺葵 百里香,广藿香 雪松 檀香木,
116152,圣罗兰,甜心佳人,YSL Yves Saint Laurent Young Sexy Lovely,2007,7.1,梨 橘子 黑加仑,樱花 木兰 桃子,麝香 琥珀 雪松,
639565,圣罗兰,撒哈拉,YSL Yves Saint Laurent Saharienne,2011,6.8,柠檬 香柠檬 橘子,白色花系 橙花 醋栗叶 白松香 苦橙叶,生姜 粉红胡椒,
580773,圣罗兰,自由至上淡香版（纵情盛夏）,YSL Yves Saint Laurent Libre L'Eau Nue,2025,7,青橘 香柠檬,橙花,薰衣草,
220945,圣罗兰,爱情再现恋恋情深,YSL Yves Saint Laurent In Love Again Edition Fleur De La Passion,2005,8.3,葡萄柚 树莓 黑加仑 葡萄 蓝莓,醋栗叶 西番莲 牡丹 玫瑰 八角 木兰,麝香 檀香木 香草,
479636,圣罗兰,恋恋情深闪耀茉莉,YSL Yves Saint Laurent In Love Again Jasmin Etoile,2005,8.8,醋栗叶 橘子 八角,茉莉 杨桃,香草 雪松 檀香木,
186833,圣罗兰,同名男士高级浓缩,YSL Yves Saint Laurent Pour Homme Haute Concentration,1983,9.4,柠檬 苦橙叶 康乃馨,迷迭香 广藿香 零陵香豆,木质 肉豆蔻,
848161,圣罗兰,美丽鸦片淡香精,YSL Yves Saint Laurent Belle d'Opium Eau de Parfum Éclat,2012,8.9,百合 八角 茉莉 栀子花 橘子,焚香 烟草 果香 胡椒 桃子 橙花,广藿香 甘草 檀香木 琥珀,
589954,圣罗兰,暗夜男士极致,YSL Yves Saint Laurent La Nuit de L'Homme L'Intense,2015,7,鸢尾花 紫罗兰,香草 鼠尾草,零陵香豆 广藿香,
753238,圣罗兰,壮丽玫瑰,YSL Yves Saint Laurent Majestic Rose,2013,7.9,,,,玫瑰 沉香(乌木) 愈创木 树莓 藏红花
565487,圣罗兰,生姜,YSL Yves Saint Laurent L’Homme Cologne Gingembre,2011,7.5,水 香柠檬,生姜 紫罗兰叶 胡椒 罗勒,麝香 香根草 雪松 橡木苔,
925543,圣罗兰,精致刺绣,YSL Yves Saint Laurent Exquisite Embroidery,2017,8.6,肉豆蔻 生姜,玫瑰 广藿香,龙涎香 沉香(乌木) 麝香,
296838,圣罗兰,锦绣之木,YSL Yves Saint Laurent Splendid Wood,2014,8.1,焚香 小豆蔻,木质 茉莉,沉香(乌木) 莎草 雪松,
566920,圣罗兰,炫动加强版淡香精,YSL Yves Saint Laurent Elle Intense Eau de Parfum,2008,8.2,荔枝 树莓,红浆果 鸢尾花 茉莉,广藿香 安息香脂 琥珀,
693166,圣罗兰,巴黎淑女极致,YSL Yves Saint Laurent Parisienne A L'Extreme,2010,7.7,黑莓,玫瑰 紫罗兰,绒面革 麝香 广藿香 香草 焚香 仿麂皮,
921424,圣罗兰,情窦音乐盒限量版,YSL Yves Saint Laurent Baby Doll Music Box Collector,2007,8.9,,,,
965904,圣罗兰,自由至上（自由之水）精醇版,YSL Yves Saint Laurent Libre Le Parfum,2022,7.2,生姜 藏红花 橘子 香柠檬,橙花 薰衣草,香草 蜂蜜 零陵香豆 香根草,
626768,圣罗兰,高定衣典系列-金饰,YSL Yves Saint Laurent Gold Supreme Bouquet,2025,7.2,依兰 晚香玉,茉莉,蜂蜜,
182210,圣罗兰,宣言之光,YSL Yves Saint Laurent Manifesto L’Eclat,2014,7.5,醋栗叶 茶叶 香柠檬 橙花油,茉莉 橙花 小苍兰 玫瑰,香草 零陵香豆 开司米木 檀香木,
843315,圣罗兰,科诺斯清凉,YSL Yves Saint Laurent Kouros Fraicheur,1993,9,,菠萝 橙花,生姜 广藿香 香根草 琥珀,
259451,圣罗兰,黑鸦片月光冲突淡香精收藏限量版,YSL Yves Saint Laurent Black Opium Sparkle Clash Limited Collector's Edition Eau de Parfum,2016,7.9,粉红胡椒 橙花油 梨,咖啡 甘草 杏仁 茉莉,香草 广藿香 开司米木 雪松,
777055,圣罗兰,M7清新版,YSL Yves Saint Laurent M7 Fresh,2004,8,葡萄柚 香柠檬 橘子,沉香(乌木) 生姜 苦橙,香根草 麝香,
712559,圣罗兰,暗夜男士电力之水,YSL Yves Saint Laurent La Nuit de L'Homme Eau Électrique,2017,6.3,苹果 柠檬 橘子,天竺葵 薰衣草 鼠尾草 橙花,香草 零陵香豆 开司米木 雪松 广藿香 香根草,
862770,圣罗兰,银色科诺诗,YSL Yves Saint Laurent Kouros Silver,2015,6.3,苹果,鼠尾草,琥珀 木质,
567116,圣罗兰,先锋男士香精版,YSL Yves Saint Laurent Y Le Parfum,2021,8,苹果 醛 葡萄柚 生姜,鼠尾草 薰衣草 天竺葵,零陵香豆 雪松 乳香 广藿香,
701389,圣罗兰,左岸男士珍藏版,YSL Yves Saint Laurent La Collection Rive Gauche Pour Homme,2011,8.3,,,,薰衣草 橡木苔 天竺葵 蕨类植物 愈创木 广藿香
965904,圣罗兰,自由至上（自由之水）精醇版,YSL Yves Saint Laurent Libre Le Parfum,2022,7.2,生姜 藏红花 橘子 香柠檬,橙花 薰衣草,香草 蜂蜜 零陵香豆 香根草,
626768,圣罗兰,高定衣典系列-金饰,YSL Yves Saint Laurent Gold Supreme Bouquet,2025,7.2,依兰 晚香玉,茉莉,蜂蜜,
182210,圣罗兰,宣言之光,YSL Yves Saint Laurent Manifesto L’Eclat,2014,7.5,醋栗叶 茶叶 香柠檬 橙花油,茉莉 橙花 小苍兰 玫瑰,香草 零陵香豆 开司米木 檀香木,
843315,圣罗兰,科诺斯清凉,YSL Yves Saint Laurent Kouros Fraicheur,1993,9,,菠萝 橙花,生姜 广藿香 香根草 琥珀,
259451,圣罗兰,黑鸦片月光冲突淡香精收藏限量版,YSL Yves Saint Laurent Black Opium Sparkle Clash Limited Collector's Edition Eau de Parfum,2016,7.9,粉红胡椒 橙花油 梨,咖啡 甘草 杏仁 茉莉,香草 广藿香 开司米木 雪松,
777055,圣罗兰,M7清新版,YSL Yves Saint Laurent M7 Fresh,2004,8,葡萄柚 香柠檬 橘子,沉香(乌木) 生姜 苦橙,香根草 麝香,
712559,圣罗兰,暗夜男士电力之水,YSL Yves Saint Laurent La Nuit de L'Homme Eau Électrique,2017,6.3,苹果 柠檬 橘子,天竺葵 薰衣草 鼠尾草 橙花,香草 零陵香豆 开司米木 雪松 广藿香 香根草,
862770,圣罗兰,银色科诺诗,YSL Yves Saint Laurent Kouros Silver,2015,6.3,苹果,鼠尾草,琥珀 木质,
567116,圣罗兰,先锋男士香精版,YSL Yves Saint Laurent Y Le Parfum,2021,8,苹果 醛 葡萄柚 生姜,鼠尾草 薰衣草 天竺葵,零陵香豆 雪松 乳香 广藿香,
701389,圣罗兰,左岸男士珍藏版,YSL Yves Saint Laurent La Collection Rive Gauche Pour Homme,2011,8.3,,,,薰衣草 橡木苔 天竺葵 蕨类植物 愈创木 广藿香
503812,圣罗兰,爵士珍藏版,YSL Yves Saint Laurent La Collection Jazz,2011,7.6,芫荽,天竺葵 艾蒿 柏树,广藿香,
368344,圣罗兰,鸦片秘密,YSL Yves Saint Laurent Opium Secret de Parfum,1992,,橘子 香柠檬 铃兰,没药 英国金盏花 茉莉,琥珀 红没药 广藿香 香草,
852108,圣罗兰,阿特拉斯花园,YSL Yves Saint Laurent Atlas Garden,2019,6.9,橙花油 橘子 香柠檬,橙花 大枣,零陵香豆 降龙涎香醚,
673417,圣罗兰,野性皮革,YSL Yves Saint Laurent Wild Leather,2021,,,,,皮革 绒面革 甘草 藏红花 愈创木 香草 香柠檬 胡椒 橙花 百里香 广藿香 薰衣草 天竺葵
989769,圣罗兰,鸦片帝国之花,YSL Yves Saint Laurent Opium Fleur Imperiale,2006,8.6,香柠檬 橘子 橙花油,康乃馨 杏树花 茉莉,没药 琥珀 木质 香草 桂花 广藿香,
316044,圣罗兰,巴黎玫瑰果园,YSL Yves Saint Laurent Paris Roses des Vergers,2006,6.9,,,,野玫瑰果 檀香木 麝香 樱花 梨花 仙客来 木质 醋栗叶
873540,圣罗兰,巴黎浪漫花语春日,YSL Yves Saint Laurent Paris Jardins Romantiques,2007,8.2,青草 橘子,玫瑰 紫罗兰 紫丁香 百合 铃兰,麝香 檀香木,
841424,圣罗兰,先锋男士Live版,YSL Yves Saint Laurent Y Live,2019,6.4,橙花,生姜 香柠檬,杜松 鼠尾草,
855218,圣罗兰,赤裸珍藏版,YSL Yves Saint Laurent La Collection Nu,2011,7.5,小豆蔻 香柠檬,焚香 兰花,乳香,
225871,圣罗兰,男士珍藏版,YSL Yves Saint Laurent La Collection Pour Homme,2011,,柠檬 柑橘 苦橙叶 薄荷,橡木苔,广藿香,
420958,圣罗兰,黑鸦片,梦幻精粹 YSL Yves Saint Laurent Black Opium Pure Illusion,2017,9.1,梨 粉红胡椒 橙花,咖啡 杏仁 茉莉 甘草,香草 雪松 广藿香 开司米木,
515130,圣罗兰,影院之吻,YSL Yves Saint Laurent Baiser de Cinéma,2007,8.6,,,,克里曼丁红橘 杏仁 香草 琥珀 朱顶红 茉莉 仙客来 牡丹 麝香
684733,圣罗兰,东方鸦片男士,YSL Yves Saint Laurent Opium Pour Homme Eau d'Orient,2007,8.8,辛香料 葡萄柚 香柠檬 柠檬,生姜 八角 胡椒 肉豆蔻,香根草 琥珀 檀香木,
367518,圣罗兰,巴黎淑女浓情,YSL Yves Saint Laurent Parisienne L'Essentiel,2011,7.8,黑莓 粉红胡椒 乙烯基,玫瑰 茉莉 鸢尾花,麝香 零陵香豆 绒面革,
367345,圣罗兰,巴黎淑女淡香水,YSL Yves Saint Laurent Parisienne Eau de Toilette,2010,6.8,玫瑰 醛,紫罗兰叶 铃兰,鸢尾花 绒面革 麝香,
908186,圣罗兰,天之骄子淡香精,YSL Yves Saint Laurent L'Homme Eau de Parfum,2022,8.1,苦橙 香柠檬,薰衣草 天竺葵,干邑白兰地 橡木 雪松 香根草,
643046,圣罗兰,情窦魔幻,YSL Yves Saint Laurent Baby Doll Magic,2007,7.9,,,,西瓜 野玫瑰果 桃子 橙子
748216,圣罗兰,宣言淡香精,YSL Yves Saint Laurent Manifesto Le Parfum,2015,8.3,香柠檬,茉莉 鸢尾花,零陵香豆 安息香脂 檀香木,
872583,圣罗兰,鸦片东方限量版,YSL Yves Saint Laurent Opium Oriental Limited Edition,2006,,,,,桂花 杏树花 香草 茉莉 橘子
470693,圣罗兰,Y珍藏版,YSL Yves Saint Laurent La Collection Y,2011,,香柠檬 辛香料,白色花系 鸢尾花 粉红胡椒,橡木苔 广藿香,
905930,圣罗兰,高贵皮革,YSL Yves Saint Laurent Noble Leather,2013,7.7,,,,皮革 干果 香草 广藿香 琥珀
784841,圣罗兰,鸦片收藏版,YSL Yves Saint Laurent Opium Collector's Edition,2013,,橘子 香柠檬 铃兰,没药 公丁香 茉莉,琥珀 红没药 广藿香 香草,
893317,圣罗兰,左岸男士极致,YSL Yves Saint Laurent Rive Gauche Pour Homme Intense,2003,,八角 迷迭香 香柠檬,薰衣草 天竺葵 公丁香,广藿香 香根草 愈创木 零陵香豆,
150239,圣罗兰,巴黎玫瑰,YSL Yves Saint Laurent Paris Roses des Bois,2004,,,玫瑰 紫罗兰 铃兰 橙花,麝香 檀香木,
171676,圣罗兰,电影节夏日,YSL Yves Saint Laurent Cinéma Festival d'Ete,2006,7.8,克里曼丁红橘 迷迭香 柠檬 杏花 快乐鼠尾草 橘子,茉莉 朱顶红 牡丹 提亚蕾花,香草 琥珀 麝香,
236681,圣罗兰,鸦片红色致命珍藏版,YSL Yves Saint Laurent Opium Rouge Fatal (Collector's Edition),2015,,橘子 香柠檬 铃兰,没药 公丁香 康乃馨 茉莉,广藿香 香草 琥珀 香根草,
648213,圣罗兰,炫动激情,YSL Yves Saint Laurent Elle Shocking (Elle Eau de Toilette),2009,,生姜 橘子 树莓,牡丹 小苍兰 茉莉,广藿香 雪松 麝香,
352793,圣罗兰,巴黎淡香精,YSL Yves Saint Laurent Paris EDP,1983,,绿叶 香柠檬 决明子 天竺葵 山楂 风信子 含羞草 橙花 芳香植物,玫瑰 铃兰 紫罗兰 茉莉 百合 鸢尾根 依兰 椴树花,麝香 雪松 天芥菜 鸢尾花 檀香木 琥珀 橡木苔,
975131,圣罗兰,情窦占卜,YSL Yves Saint Laurent Baby Doll Lucky Game,2006,,,,,石榴 葡萄柚 大黄 野玫瑰果 桃子 红浆果 生姜 小苍兰 肉桂 雪松 小豆蔻
367095,圣罗兰,糖果情窦,YSL Yves Saint Laurent Baby Doll Candy Pink,2005,,,,,石榴糖浆 红醋栗 玫瑰 康乃馨 大黄 葡萄柚 小苍兰 生姜 雪松
726547,圣罗兰,生而不羁浓香版,YSL Yves Saint Laurent Myslf Le Parfum,2024,6.9,,,,橙花 黑胡椒 木质 广藿香 香草 琥珀
414657,圣罗兰,巴黎首映玫瑰,YSL Yves Saint Laurent Paris Premieres Roses,2014,,玫瑰 紫罗兰 橙花油,玫瑰 牡丹 铃兰,玫瑰 麝香 檀香木,
523704,圣罗兰,自由至上（自由之水）金箔鎏金限量版,YSL Yves Saint Laurent Libre Eau de Parfum Collector Edition,2021,8.2,苦橙叶 薰衣草 黑加仑 橘子,橙花 薰衣草 茉莉,麝香 雪松 香草 龙涎香,
456971,圣罗兰,左岸清凉,YSL Yves Saint Laurent Rive Gauche Fraicheur,1995,,,,,醛 忍冬 香柠檬 柠檬 牡丹 茉莉 玫瑰 麝香 檀香木 鸢尾根
643359,圣罗兰,男士夏日,YSL Yves Saint Laurent L'Homme Eau d'Eté,2007,,生姜 香柠檬,紫罗兰 罗勒 胡椒,零陵香豆 香根草 麝香 雪松,
886493,圣罗兰,巴黎淑女粉红轻盈,YSL Yves Saint Laurent Parisienne L’Eau,2012,,玫瑰 绿叶 乙烯基 紫罗兰叶,黑加仑 蔓越莓 红浆果,麝香 广藿香 雪松,
578307,圣罗兰,电影节,YSL Yves Saint Laurent Cinéma Festival,2006,,柠檬 橘子 杏花,提亚蕾花 茉莉 朱顶红,香草 琥珀 麝香,
341301,圣罗兰,暗夜男士淡香精,YSL Yves Saint Laurent La Nuit de L'Homme Eau de Parfum,2019,,小豆蔻 葡萄柚,皮革 薰衣草 快乐鼠尾草,零陵香豆 檀香木 广藿香 香根草,
502603,圣罗兰,男士香水,YSL Yves Saint Laurent L'Homme Le Parfum,2020,,臭氧 小豆蔻 柠檬,天竺葵 紫罗兰叶 罗勒,琥珀木 雪松 香根草,
671209,圣罗兰,自由至上（自由之水）发香喷雾,YSL Yves Saint Laurent Libre Hair Mist,2021,8.4,橘子 苦橙叶 黑加仑,薰衣草 橙花 茉莉,雪松 麝香 香草 龙涎香,
520838,圣罗兰,暗夜男士蓝色电力,YSL Yves Saint Laurent La Nuit de L'Homme Bleu Électrique,2021,8.6,小豆蔻 生姜 香柠檬,薰衣草 天竺葵,雪松 香根草,
873432,圣罗兰,刺青,YSL Yves Saint Laurent Kouros Tattoo,2007,,香柠檬 橙花油 橘子,,焚香 麝香 雪松,
959559,圣罗兰,巴黎春之水,YSL Yves Saint Laurent Paris Eau de Printemps Limited Edition,2002,,风信子 香柠檬 天竺葵 山楂,紫罗兰 玫瑰 含羞草 百合 橙花,香根草 檀香木 麝香,
463842,圣罗兰,情窦蜜月,YSL Yves Saint Laurent Baby Doll Honeymoon Limited Edition,2009,,红醋栗 百香果 葡萄柚 大黄,石榴 茉莉 西番莲 桃子 玫瑰,麝香 雪松,
185171,圣罗兰,天之骄子古龙水,YSL Yves Saint Laurent L'Homme Libre Cologne Tonic,2013,,水 柠檬马鞭草 粉红胡椒,紫罗兰 醛 罗勒,香根草 开司米酮 麝香 琥珀 皮革,
160183,圣罗兰,影院金装版,YSL Yves Saint Laurent Cinéma Gold,2005,,,,,香草 克里曼丁红橘 朱顶红 杏仁 牡丹 仙客来 琥珀 麝香 茉莉
631561,圣罗兰,东方鸦片极致,YSL Yves Saint Laurent Opium Orient Extreme,2007,,铃兰 橘子 香柠檬,辛香料 康乃馨 茉莉,红没药 琥珀 香草 广藿香,
437068,圣罗兰,科诺斯运动之水,YSL Yves Saint Laurent Kouros Eau de Sport,1986,,琥珀 绿叶 艾蒿,康乃馨 茉莉 玫瑰 白松香,麝香 橡木苔 乳香 广藿香 香根草 香草,
698957,圣罗兰,黑鸦片,狂热版 YSL Yves Saint Laurent Black Opium Wild Edition,2016,,梨 粉红胡椒 橙花,咖啡 茉莉 杏仁 甘草,香草 广藿香 开司米木 雪松,
100141,圣罗兰,反转巴黎2020限量版,YSL Yves Saint Laurent Mon Paris Collector Edition,2020,,草莓 树莓 梨 西瓜酮 香柠檬 橙子 橘子,牡丹 茉莉 茉莉 曼陀罗 橙花,降龙涎香醚 广藿香 广藿香 雪松 麝香 橡木苔 香草,
476633,圣罗兰,甜心佳人极致收藏版,YSL Yves Saint Laurent Young Sexy Lovely Collector Intense,2007,,梨 橘子,樱桃 木兰,麝香 广藿香 琥珀,
885985,圣罗兰,先锋男士精粹,YSL Yves Saint Laurent Y Elixir,2024,,薰衣草,天竺葵,沉香(乌木) 乳香,
934316,圣罗兰,精致麝香,YSL Yves Saint Laurent Exquisite Musk,2016,,生姜,玫瑰 肉豆蔻 肉桂,安息香脂 麝香 广藿香 劳丹脂 龙涎香 沉香(乌木),
241658,圣罗兰,鸦片-君子好逑（中国诗）,YSL Yves Saint Laurent Opium Poesie de Chine pour Homme,2008,,八角 葡萄柚 香柠檬,胡椒 橙花 肉豆蔻,檀香木 琥珀 香根草,
816900,圣罗兰,巴黎春之水,YSL Yves Saint Laurent Paris Eau de Printemps Limited Edition,2009,,玫瑰 紫罗兰,牡丹 忍冬 茉莉,檀香木 麝香,
181117,圣罗兰,科诺斯运动,YSL Yves Saint Laurent Kouros Cologne Sport,2003,,,,,仙客来 茉莉 辛香料 雪松 香柠檬
305724,圣罗兰,东方鸦片男士,YSL Yves Saint Laurent Opium Pour Homme Eau d'Orient,2006,,八角 葡萄柚 香柠檬,生姜 胡椒 肉豆蔻,檀香木 竹子 香根草 琥珀,
971960,圣罗兰,巴黎第一玫瑰,YSL Yves Saint Laurent Paris Premieres Roses,2013,,野玫瑰果,玫瑰 牡丹 紫罗兰 风铃草 橙花 铃兰,麝香 檀香木,
694382,圣罗兰,黑鸦片耀夜限量版,YSL Yves Saint Laurent Black Opium Shine On,2019,,梨 粉红胡椒 橙花,咖啡 茉莉 杏仁 甘草,香草 广藿香 雪松 开司米木,
186489,圣罗兰,夏日之水男士,YSL Yves Saint Laurent L'Homme Eau d'Ete,2008,,香柠檬 生姜,罗勒 紫罗兰 胡椒,香根草 零陵香豆 雪松 麝香,
696820,圣罗兰,高定衣典系列-花结领,YSL Yves Saint Laurent Lavalliere,2022,8.1,无花果 黑加仑 香柠檬,玫瑰 天竺葵 茉莉,香根草 麝香 开司米酮,
498371,圣罗兰,自由至上（自由之水）经典版,YSL Yves Saint Laurent Libre,2019,6.9,橙花,薰衣草,香草 麝香 龙涎香,
739673,圣罗兰,高定衣典系列-长衫,YSL Yves Saint Laurent Caftan,2015,8.1,粉红胡椒 蜜橘 香柠檬,安息香脂 乳香 安息香,劳丹脂 麝香,
190434,圣罗兰,醉爱（香槟）,YSL Yves Saint Laurent Yvresse (Champagne),1993,8.6,桃子 油桃 杏 葛缕子 茴芹 薄荷,肉桂 荔枝 玫瑰 玫瑰 康乃馨 紫罗兰 鸢尾花 茉莉 铃兰,橡木苔 琥珀 安息香脂 广藿香 香草 安息香 雪松 麝香 椰子 香根草,
905163,圣罗兰,左岸,YSL Yves Saint Laurent Rive Gauche,1971,8.4,醛 绿叶 忍冬 香柠檬 桃子 柠檬,玫瑰 鸢尾花 天竺葵 铃兰 依兰 茉莉 木兰 栀子花,橡木苔 香根草 麝香 檀香木 零陵香豆 琥珀,
717547,圣罗兰,反转巴黎淡香精,YSL Yves Saint Laurent Mon Paris,2016,6.2,草莓 树莓 梨 橙子 蜜橘 香柠檬 西瓜酮,牡丹 茉莉 茉莉 曼陀罗 橙花,广藿香 广藿香 麝香 香草 降龙涎香醚 橡木苔 雪松,
700742,圣罗兰,天之骄子,YSL Yves Saint Laurent L'Homme,2006,7.6,生姜 香柠檬 柠檬,辛香料 紫罗兰叶 胡椒 罗勒,零陵香豆 雪松 香根草,
620381,圣罗兰,高定衣典系列-风衣,YSL Yves Saint Laurent Trench,2015,8.1,蜜橘 香柠檬 无花果,鸢尾花 橙花油,麝香 雪松 黄葵,
914116,圣罗兰,高定衣典系列-连体衣,YSL Yves Saint Laurent Jumpsuit,2020,7.8,香柠檬 橘子 苦橙叶 比加拉德,牡丹 木兰 茉莉,檀香木 降龙涎香醚 桃子,
718394,圣罗兰,科诺诗,YSL Yves Saint Laurent Kouros,1981,7.4,醛 芫荽 快乐鼠尾草 艾蒿 香柠檬,广藿香 康乃馨 香根草 肉桂 天竺葵 茉莉 鸢尾根,麝猫香 蜂蜜 皮革 麝香 橡木苔 琥珀 零陵香豆 香草,
583520,圣罗兰,自由至上（自由之水）圣诞限定豹纹款,YSL Yves Saint Laurent Libre Eau de Parfum Collector Edition (Dress Me Wild),2020,,薰衣草 橘子 橙花油,橙花 茉莉,香草 零陵香豆 麝香,
603976,圣罗兰,反转巴黎吸睛版,YSL Yves Saint Laurent Mon Paris Gold Attraction Edition,2018,6.6,草莓 树莓 梨 西瓜酮 橙子 香柠檬 蜜橘,牡丹 茉莉 茉莉 橙花 曼陀罗,广藿香 广藿香 橡木苔 麝香 雪松 香草 降龙涎香醚,
967689,圣罗兰,巴黎第一玫瑰,YSL Yves Saint Laurent Paris Premieres Roses,2012,,日本玫瑰 紫罗兰 橙花,玫瑰 铃兰 牡丹,麝香 檀香木,
730358,圣罗兰,巴黎第一玫瑰,YSL Yves Saint Laurent Paris Premieres Roses,2016,,野玫瑰果 紫罗兰叶 橙花油 香柠檬,玫瑰 铃兰 牡丹,麝香 檀香木 紫罗兰,
348855,圣罗兰,黑鸦片吸金版,YSL Yves Saint Laurent Black Opium Gold Attraction Edition,2018,,粉红胡椒 梨 橙花,甘草 咖啡 茉莉 杏仁,香草 雪松 广藿香 开司米木,
958698,圣罗兰,左岸极致,YSL Yves Saint Laurent Rive Gauche Intense,2003,,醛 绿叶 香柠檬 柠檬,依兰 玫瑰 栀子花 忍冬,橡木苔 香根草 檀香木 广藿香 没药 琥珀,
224523,圣罗兰,先锋男士淡香精馥郁版,YSL Yves Saint Laurent Y Eau de Parfum Intense,2023,,生姜 杜松子 香柠檬,鼠尾草 天竺葵 薰衣草,香根草 广藿香 雪松,
108105,圣罗兰,影院淡香水,YSL Yves Saint Laurent Cinéma Eau de Toilette,2006,,克里曼丁红橘 含羞草 仙客来,茉莉 朱顶红 牡丹,香草 琥珀 麝香,
282517,圣罗兰,迷情光影巴黎,YSL Yves Saint Laurent Paris Rebel Collector,2015,,玫瑰 醋栗叶 山楂 风信子 青柠 绿叶 含羞草 天竺葵 橙花 旱金莲,玫瑰 紫罗兰 百合 鸢尾根 依兰 铃兰 茉莉,麝香 天芥菜 鸢尾花 檀香木 橡木苔 雪松 琥珀,
238688,圣罗兰,炫动收藏版,YSL Yves Saint Laurent Elle Edition Collector,2010,,葡萄柚,茉莉 粉红胡椒,琥珀 安息香脂,
162615,圣罗兰,鸦片夏日版,YSL Yves Saint Laurent Opium Eau D'ete Summer Fragrance,2002,,橘子 香柠檬 橙子,康乃馨 广藿香 茉莉,没药 香草,
783540,圣罗兰,科诺斯夏日,YSL Yves Saint Laurent Kouros Summer Edition,2008,,,,,橘子 香柠檬 木质 琥珀
676820,圣罗兰,巴黎首映玫瑰,YSL Yves Saint Laurent Paris Premieres Roses,2015,,玫瑰 紫罗兰叶 橙花油,玫瑰 牡丹 铃兰,檀香木 麝香,
235627,圣罗兰,左岸男士轻盈,YSL Yves Saint Laurent Rive Gauche Pour Homme Light,2004,,八角 薄荷 香柠檬,天竺葵 薰衣草 广藿香,愈创木 香根草,
152808,圣罗兰,鸦片夏日之水,YSL Yves Saint Laurent Opium Eau D'ete Summer Fragrance,2003,,橘子 苦橙 香柠檬,康乃馨 茉莉,没药 香草 广藿香,
858502,圣罗兰,黑鸦片斑马,YSL Yves Saint Laurent Black Opium Zebra Collector,2021,,粉红胡椒 梨 橙花,咖啡 杏仁 甘草 茉莉,香草 广藿香 雪松 开司米木,
240655,圣罗兰,电影情节,YSL Yves Saint Laurent Cinéma Scenario d'Ete,2008,,青柠 橘子 橙子,茉莉 朱顶红 依兰,桃子 麝香 琥珀,
409266,圣罗兰,东方鸦片清凉,YSL Yves Saint Laurent Opium Fraicheur d'Orient,1998,,,,,蜜橘 树脂 生姜 康乃馨 胡椒 肉桂 芫荽 广藿香 琥珀 麝香 茉莉 木质
633926,圣罗兰,黑鸦片异域幻觉,YSL Yves Saint Laurent Black Opium Exotic Illusion,2019,,梨 橙花 粉红胡椒,咖啡 甘草 茉莉 杏仁,香草 雪松 广藿香 开司米木,
239523,圣罗兰,夏日女士,YSL Yves Saint Laurent Elle Summer Fragrance,2008,,牡丹 生姜 蜜橘,红浆果 小苍兰 树莓,牡丹 香根草 广藿香 麝香,
146744,圣罗兰,自由至上（自由之水）珍藏版,YSL Yves Saint Laurent Libre Eau de Parfum Collector Edition,2024,,薰衣草 橘子 黑加仑 苦橙叶,薰衣草 橙花 茉莉,香草 麝香 龙涎香 雪松,
908703,圣罗兰,自由至上（自由之水）加强版,YSL Yves Saint Laurent Libre Intense,2020,,薰衣草 橘子 香柠檬,薰衣草 橙花 茉莉 兰花,香草 零陵香豆 龙涎香 香根草,
145114,圣罗兰,黑鸦片圣诞收藏版,YSL Yves Saint Laurent Black Opium Baby Cat Collector,2020,,梨 橙花 粉红胡椒,咖啡 杏仁 甘草 茉莉,广藿香 香草 开司米木 雪松,
714279,圣罗兰,反转巴黎花溢爱之恋,YSL Yves Saint Laurent Mon Paris Floral Eau de Parfum In Love Collector,2020,,桃子 梨 树莓 香柠檬,木兰 牡丹 橙花 茉莉 曼陀罗,麝香 广藿香 开司米酮,
921976,圣罗兰,炫动限量版,YSL Yves Saint Laurent Elle Limited Edition,2012,,牡丹 葡萄柚 橘子,茉莉 粉红胡椒 树莓,安息香脂 琥珀 香根草,
680071,圣罗兰,黑鸦片,月光冲突 限量版 YSL Yves Saint Laurent Black Opium Sparkle Clash Limited Collector's Edition Eau de Toilette,2016,,梨 橘子,茶叶 茉莉 橙花,咖啡 木质,
286447,圣罗兰,黑鸦片蛇纹夹克,YSL Yves Saint Laurent Black Opium Snake Jacket,2020,,梨 橙花 粉红胡椒,甘草 咖啡 杏仁 茉莉,广藿香 香草 雪松 开司米木,
546232,圣罗兰,黑鸦片,施华洛世奇版 YSL Yves Saint Laurent Black Opium Swarovski Edition,2015,,粉红胡椒 橙花 梨,咖啡 杏仁 甘草 茉莉,香草 开司米木 广藿香 雪松,
432395,圣罗兰,科诺斯轻盈淡香水,YSL Yves Saint Laurent Kouros Eau de Toilette Tonique,2011,,香柠檬 柠檬,海水,焚香 木质 广藿香,
975157,圣罗兰,巴黎第一玫瑰,YSL Yves Saint Laurent Paris Premieres Roses,2011,,玫瑰 铃兰,紫罗兰 牡丹 橙花,麝香 檀香木,
974544,圣罗兰,迷慢光影巴黎,YSL Yves Saint Laurent Paris Rebel Collector,2014,,柑橘 粉红胡椒 番茄叶,玫瑰,麝香 木质 琥珀,
950688,圣罗兰,反转巴黎花溢爱之恋,YSL Yves Saint Laurent Mon Paris Floral Eau de Parfum In Love Collector,2018,,柑橘 树莓 草莓 西瓜酮,茉莉 曼陀罗 柠檬花 牡丹 梨,广藿香 雪松 橡木苔 麝香 降龙涎香醚,
100142,圣罗兰,反转巴黎圣诞限量版,YSL Yves Saint Laurent Mon Paris Christmas Collector,2020,,草莓 树莓 香柠檬 西瓜酮 橙子 梨 蜜橘,曼陀罗 橙花 牡丹 茉莉 茉莉,广藿香 橡木苔 广藿香 麝香 降龙涎香醚 雪松 香草,
426247,圣罗兰,自由至上（自由之水）鎏金版,YSL Yves Saint Laurent Libre Vanille Couture,2025,,,,,香草 橙花 香草鱼子酱 薰衣草 朗姆酒
195965,圣罗兰,黑鸦片幻夜风暴版,YSL Yves Saint Laurent Black Opium Storm Illusion,2020,,粉红胡椒 橙花 橘子 香柠檬 梨,晚香玉 杏仁 甘草 咖啡 茉莉,麝香 开司米木 广藿香 香草 雪松,
910330,圣罗兰,鸦片夏日之水,YSL Yves Saint Laurent Opium Eau D'ete Summer Fragrance,2004,,香柠檬 橙子 橘子 柠檬,广藿香 康乃馨 茉莉,没药 香草 琥珀,
108677,圣罗兰,黑鸦幻觉版,YSL Yves Saint Laurent Black Opium Sound Illusion,2018,,咖啡 梨 橙花 粉红胡椒,咖啡 甘草 茉莉,开司米木 香草 广藿香 雪松,
849215,圣罗兰,巴黎淑女,YSL Yves Saint Laurent Parisienne,2024,,乙烯基 黑莓,紫罗兰 玫瑰 牡丹,广藿香 檀香木 香根草,
611755,圣罗兰,巴黎之夜,YSL Yves Saint Laurent Paris Nuit de Fete,2007,,紫罗兰 橙花 香柠檬,玫瑰 含羞草,麝香 檀香木 香根草 橡木苔,
980796,圣罗兰,自由至上（自由之水）珍藏版,YSL Yves Saint Laurent Libre Eau de Parfum Collector Edition,2023,,橙花油 橘子 薰衣草 橙花 茉莉 麝香 香草 龙涎香 雪松,薰衣草 橙花 茉莉 麝香 香草 龙涎香 雪松,麝香 香草 龙涎香 雪松,
378477,圣罗兰,鸦片（红鸦）40周年纪念版,YSL Yves Saint Laurent Opium Extrait de Parfum 40th Anniversary Edition,2017,,橘子,茉莉 康乃馨,琥珀 广藿香,
813574,圣罗兰,Y淡香水,YSL Yves Saint Laurent Y Eau de Toilette,2022,,醛 香柠檬 生姜,薰衣草 快乐鼠尾草 天竺葵,龙涎香 香草 乳香 雪松,
274729,圣罗兰,炫动,YSL Yves Saint Laurent Elle,2024,,粉红胡椒,牡丹,广藿香,
775058,圣罗兰,古来斯淡香水,YSL Yves Saint Laurent Kouros Eau de Toilette Tonique,2014,,香柠檬 醛 八角,广藿香 天竺葵,焚香 雪松,
126736,圣罗兰,生而不羁精粹版,YSL Yves Saint Laurent Myslf L'Absolu,2025,,生姜 香柠檬 小豆蔻,橙花 花香,广藿香,
529619,圣罗兰,梦幻剧星,YSL Yves Saint Laurent Cinéma,2024,,茉莉 含羞草,桃子 橘子,琥珀 檀香木,
955959,圣罗兰,绝世巴黎淑女,YSL Yves Saint Laurent Parisienne Édition Singulière,2013,,蓝莓 蔓越莓 乙烯基,玫瑰 紫罗兰,香根草 檀香木,
680951,圣罗兰,情窦魔幻,YSL Yves Saint Laurent Baby Doll Magic,2008,,,,,西番莲 麝香 茉莉 百香果 葡萄柚
113315,圣罗兰,反转巴黎限量版,YSL Yves Saint Laurent Mon Paris Collector Edition,2024,,草莓 树莓 梨 西瓜酮 香柠檬 香柠檬 蜜橘 橙子,牡丹 橙花 曼陀罗 茉莉 茉莉,麝香 降龙涎香醚 香草 广藿香 广藿香 雪松 橡木苔,
491827,圣罗兰,巴黎之星,限量版 YSL Yves Saint Laurent Mon Paris Star Edition,2017,,红浆果 香柠檬,曼陀罗 茉莉,广藿香 麝香,
355128,圣罗兰,黑鸦片闪耀版,YSL Yves Saint Laurent Black Opium Dazzling Lights Edition,2017,,粉红胡椒 梨 橙花,咖啡 杏仁 茉莉 甘草,香草 广藿香 开司米木 雪松,
251526,圣罗兰,甜心佳人初夏收藏版,YSL Yves Saint Laurent Young Sexy Lovely Spring / Summer Collection,2008,,黑加仑 梨 橘子,木兰 樱桃 桃子,琥珀 雪松 麝香,
161849,圣罗兰,黑鸦片发雾,YSL Yves Saint Laurent Black Opium Hair Mist,2018,,,,,咖啡 橙花 雪松 广藿香
276093,圣罗兰,巴黎第一玫瑰,YSL Yves Saint Laurent Paris Premieres Roses,2010,,小苍兰 橙花,玫瑰 紫罗兰 牡丹,麝香 檀香木,
503400,圣罗兰,科诺斯能量,YSL Yves Saint Laurent Kouros Energizing,2010,,,,,柑橘 海水 木质 皮革
398927,圣罗兰,反转巴黎,月光冲突 限量版 YSL Yves Saint Laurent Mon Paris Sparkle Clash Edition,2016,,草莓 树莓 梨 香柠檬 西瓜酮,牡丹 茉莉 茉莉 曼陀罗 橙花,广藿香 广藿香 麝香 雪松 降龙涎香醚 橡木苔,
105410,圣罗兰,收藏版鸦片,YSL Yves Saint Laurent Opium Collector Edition,2008,,公丁香 西印度月桂 橘子 李子 茉莉 柑橘 芫荽 胡椒 香柠檬,康乃馨 肉桂 玫瑰 檀香木 广藿香 鸢尾根 桃子 铃兰,没药 琥珀 焚香 红没药 香草 安息香脂 妥鲁香脂 檀香木 劳丹脂 椰子 香根草 雪松 麝香,
472776,圣罗兰,科诺斯夏日之水,YSL Yves Saint Laurent Kouros Eau d'Ete,2006,,艾蒿 薄荷 香柠檬,迷迭香 茉莉,麝香 龙涎香 雪松,
301262,圣罗兰,男士之水让·努维尔限量版,YSL Yves Saint Laurent L'Homme Yves Saint Laurent design by Jean Nouvel,2008,,生姜 香柠檬 柠檬,辛香料 胡椒 罗勒 紫罗兰叶,零陵香豆 香根草 雪松,
674523,圣罗兰,炫动限量版,YSL Yves Saint Laurent Elle Limited Edition,2011,,葡萄柚 牡丹,粉红胡椒 茉莉,琥珀 香根草 安息香脂,
867410,圣罗兰,反转巴黎闪耀版,YSL Yves Saint Laurent Mon Paris Dazzling Lights Collector,2017,,草莓 树莓 梨 香柠檬 橙子 西瓜酮 橘子,茉莉 茉莉 曼陀罗 牡丹 橙花,广藿香 广藿香 麝香 降龙涎香醚 香草 橡木苔 雪松,
400097,圣罗兰,我的娇兰发雾,YSL Yves Saint Laurent Mon Paris Hair Mist,2018,,西瓜酮 草莓 梨 树莓 橙子 蜜橘 香柠檬,牡丹 曼陀罗 茉莉 茉莉 橙花,麝香 橡木苔 香草 降龙涎香醚 雪松 广藿香,
393452,圣罗兰,鸦片恒久版,YSL Yves Saint Laurent Opium Elixir Voluptueux,2008,,橘子 铃兰 香柠檬,没药 茉莉 康乃馨,香草 琥珀 广藿香 红没药,
760556,圣罗兰,黑鸦片水晶夹克,YSL Yves Saint Laurent Black Opium Crystal Jacket,2019,,粉红胡椒 橙花 梨,咖啡 茉莉 杏仁 甘草,香草 广藿香 雪松 开司米木,
104437,圣罗兰,繁华灿烂,YSL Yves Saint Laurent Magnificent Blossom,2015,,橘子 香柠檬,茉莉 橙花 依兰 藏红花,阿米香树花 广藿香,
651635,圣罗兰,先锋男士香精,YSL Yves Saint Laurent Y Le Parfum,2025,,生姜 香柠檬,冷杉 松树 天竺葵,琥珀 广藿香,
619437,圣罗兰,鸦片女士收藏版,YSL Yves Saint Laurent Opium Collector's Edition,2014,,橘子 香柠檬,康乃馨 茉莉,琥珀 香草 香根草,
840704,圣罗兰,甜心佳人闪耀版,YSL Yves Saint Laurent Young Sexy Lovely Collector Edition Radiant,2008,,梨,樱花 木兰,麝香 琥珀,
803076,圣罗兰,高级花束豪华版,YSL Yves Saint Laurent Supreme Bouquet Luxury Edition,2014,,梨 粉红胡椒,晚香玉 依兰 茉莉,琥珀 麝香 广藿香,
142367,圣罗兰,香薰夹克,YSL Yves Saint Laurent Black Opium Make It Yours Fragrance Jacket Collection,2019,,粉红胡椒 梨 橙花,咖啡 茉莉 杏仁 甘草,广藿香 雪松 香草 开司米木,
901666,圣罗兰,左岸轻盈,YSL Yves Saint Laurent Rive Gauche Light,2004,,,,,醛 小苍兰 香根草 香柠檬 玫瑰 麝香 茉莉 依兰
899892,圣罗兰,暗夜男士艺术收藏版,YSL Yves Saint Laurent Art Collection: La Nuit de L'Homme,2014,,小豆蔻,薰衣草 雪松 香柠檬,香根草 葛缕子,
736072,圣罗兰,科诺斯夏日之水,YSL Yves Saint Laurent Kouros Eau d'Ete,2005,,薄荷 香柠檬 艾蒿,茉莉 迷迭香,雪松 乳香 龙涎香,
681547,圣罗兰,甜心佳人收藏版,YSL Yves Saint Laurent Young Sexy Lovely Couture Collection,2009,,黑加仑 梨 橘子,樱花 桃子 木兰,麝香 雪松 琥珀,
866392,圣罗兰,天之骄子自由艺术收藏版,YSL Yves Saint Laurent Art Collection: L'Homme Libre,2014,,罗勒 紫罗兰叶 香柠檬 八角,粉红胡椒 肉豆蔻,广藿香 香根草,
505694,圣罗兰,暗夜男士珍藏版,YSL Yves Saint Laurent La Nuit De L'Homme Edition Collector,2014,,小豆蔻,薰衣草 雪松 香柠檬,香根草 琥珀 葛缕子,
205160,圣罗兰,科诺斯夏日之水,YSL Yves Saint Laurent Kouros Eau d'Ete,2002,,薄荷 艾蒿 香柠檬,茉莉 迷迭香,麝香 琥珀 雪松,
361374,圣罗兰,自由至上（自由之水）梦想之旅珍藏版,YSL Yves Saint Laurent Libre Voyage Reve Collector Edition,2025,,橘子 薰衣草 黑加仑 苦橙叶,橙花 茉莉 薰衣草,香草 麝香 龙涎香 雪松,
991391,圣罗兰,巴黎维妮妮特别版,YSL Yves Saint Laurent YSL Paris L'Edition Venini,2014,,玫瑰 醋栗叶 山楂 绿叶 含羞草 橙花 香柠檬 旱金莲 天竺葵 风信子,玫瑰 铃兰 百合 茉莉 紫罗兰 椴树花 鸢尾根 依兰,麝香 鸢尾花 琥珀 雪松 天芥菜 橡木苔 檀香木,
651424,圣罗兰,自由至上（自由之水）季节系列珍藏版,YSL Yves Saint Laurent Libre Collection Saisonniere Collector Edition,2025,,橘子 薰衣草 黑加仑 苦橙叶,橙花 茉莉 薰衣草,香草 龙涎香 麝香 雪松,
495014,圣罗兰,科诺斯运动夏日,YSL Yves Saint Laurent Kouros Cologne Sport Eau d'Ete Summer Fragrance,2004,,薄荷 香柠檬,薰衣草 茉莉,琥珀 雪松,
402887,圣罗兰,自由至上（自由之水）野性印记珍藏版,YSL Yves Saint Laurent Libre Imprime Sauvage Collector Edition,2025,,橘子 薰衣草 黑加仑 苦橙叶,橙花 薰衣草 茉莉,香草 麝香 龙涎香 雪松,
306414,圣罗兰,天之骄子艺术收藏版,YSL Yves Saint Laurent Art Collection: L'Homme,2014,,生姜 柠檬 香柠檬,辛香料 胡椒 罗勒 紫罗兰叶,香根草 雪松 零陵香豆,
291117,圣罗兰,黑鸦片不眠夜,YSL Yves Saint Laurent Black Opium Nuit Blanche,2016,7.8,大米 茴芹 胡椒,咖啡 橙花 芫荽 牡丹,香草 牛奶 焦糖 檀香木 麝香,
664558,圣罗兰,反转巴黎花溢,YSL Yves Saint Laurent Mon Paris Parfum Floral,2019,7.2,桃子 柑橘,牡丹 玫瑰 曼陀罗 木兰 橙花 茉莉,麝香 广藿香 开司米木,
258623,圣罗兰,高定衣典系列-卡班,YSL Yves Saint Laurent Caban,2015,8,榄香脂 粉红胡椒 胡椒,乳香 桂花,零陵香豆 檀香木 广藿香,
756536,圣罗兰,M7乌木精纯,YSL Yves Saint Laurent La Collection M7 Oud Absolu,2011,8.1,橘子,广藿香,沉香(乌木) 没药 劳丹脂,
646372,圣罗兰,Y香水,YSL Yves Saint Laurent Y,1964,8.8,醛 绿叶 白松香 忍冬 栀子花 桃子 李子,风信子 鸢尾根 依兰 茉莉 晚香玉 玫瑰,橡木苔 麝猫香 香根草 广藿香 檀香木 安息香脂 安息香 琥珀,
500227,圣罗兰,鸦片（红鸦）淡香水,YSL Yves Saint Laurent Opium Eau de Toilette,2009,8.3,蜜橘 香柠檬 铃兰,没药 康乃馨 茉莉,琥珀 广藿香 香草,
142561,圣罗兰,反转巴黎花耀,YSL Yves Saint Laurent Mon Paris Intensement,2020,7.8,树莓 黑加仑 梨 橙子 香柠檬,玫瑰 玫瑰 牡丹 曼陀罗 小苍兰,香草 广藿香 麝香 安息香脂 开司米酮,
447770,圣罗兰,黑鸦片花之怒（惊艳版）,YSL Yves Saint Laurent Black Opium Floral Shock,2017,7.6,梨 小苍兰 香柠檬 柠檬,栀子花 阳光 白色花系 橙花,咖啡 麝香 琥珀木,
825451,圣罗兰,反转巴黎淡香水,YSL Yves Saint Laurent Mon Paris Eau de Toilette,2017,7,树莓 黑莓 粉红胡椒 香柠檬,牡丹 曼陀罗 茉莉 橙花,广藿香 麝香 开司米酮 降龙涎香醚,
462050,圣罗兰,先锋男士,YSL Yves Saint Laurent Y,2017,6.4,醛 香柠檬 生姜 薄荷 柠檬,苹果 紫罗兰叶 菠萝 鼠尾草 天竺葵,龙涎香 麝香 雪松 冷杉 香根草 焚香,
215730,圣罗兰,黑鸦片淡香水,YSL Yves Saint Laurent Black Opium Eau de Toilette,2015,7.3,梨 黑加仑 柑橘 橘子,咖啡 茶叶 茉莉 橙花,木质 麝香,
307441,圣罗兰,黑鸦片暗夜版（蓝鸦片）,YSL Yves Saint Laurent Black Opium Intense,2019,7.3,苦艾酒 波森莓,咖啡 茉莉 橙花,香草 甘草 檀香木,
360968,圣罗兰,鸦片香精,YSL Yves Saint Laurent Opium Parfum,1977,9.9,公丁香 胡椒 橘子 芫荽 李子 柑橘 西印度月桂 茉莉 香柠檬,康乃馨 肉桂 檀香木 广藿香 玫瑰 鸢尾根 桃子 铃兰,没药 焚香 妥鲁香脂 香草 琥珀 红没药 海狸香 檀香木 安息香脂 劳丹脂 雪松 麝香 香根草 椰子,
844906,圣罗兰,高定衣典系列-狩猎装,YSL Yves Saint Laurent Saharienne,2015,7.4,香柠檬 苦橙叶 粉红胡椒,橙花油 茉莉 快乐鼠尾草,麝香 香根草 广藿香,
426948,圣罗兰,M7香水,YSL Yves Saint Laurent M7,2002,8.6,迷迭香 橘子 香柠檬,沉香(乌木) 香根草,琥珀 麝香,
819007,圣罗兰,巴黎淑女,YSL Yves Saint Laurent Parisienne,2009,7.1,黑莓 蔓越莓 乙烯基,玫瑰 紫罗兰 牡丹,麝香 檀香木 香根草 广藿香,
676400,圣罗兰,炫动,YSL Yves Saint Laurent Elle,2007,7.8,荔枝 牡丹 柠檬,粉红胡椒 玫瑰 茉莉 小苍兰,广藿香 香根草 雪松 黄葵,
145065,圣罗兰,恋恋深情,YSL Yves Saint Laurent In Love Again,1998,8.6,葡萄柚 黑加仑 醋栗叶 蓝莓 伏特加 苹果,葡萄柚 玫瑰 睡莲,番茄 黑莓 麝香 檀香木,
656219,圣罗兰,宣言（宠爱宣言）,YSL Yves Saint Laurent Manifesto,2012,7.3,黑加仑 香柠檬 绿叶,茉莉 铃兰,香草 零陵香豆 檀香木 雪松,
543398,圣罗兰,情窦,YSL Yves Saint Laurent Baby Doll,2000,7.1,黑加仑 菠萝 橙子 苹果,玫瑰 小苍兰 天芥菜 铃兰,香草 雪松 檀香木 零陵香豆,
807049,圣罗兰,黑鸦片淡香水,YSL Yves Saint Laurent Black Opium Eau de Toilette,2018,7.7,梨 咖啡 柠檬 香柠檬,茉莉 橙花,广藿香 雪松 麝香,
416635,圣罗兰,赤裸,YSL Yves Saint Laurent Nu,2001,8.9,小豆蔻 香柠檬,胡椒 焚香 兰花 茉莉,檀香木 香根草 麝香,
573513,圣罗兰,美丽鸦片,YSL Yves Saint Laurent Belle d'Opium,2010,7.5,百合 栀子花 茉莉 橘子,焚香 果香 胡椒 烟草 桃子 玫瑰,檀香木 广藿香 琥珀 香草,
468432,圣罗兰,高定衣典系列-礼帽,YSL Yves Saint Laurent Capeline,2020,7.4,橘子 香柠檬,百合 依兰 海水 橙花油,香草 麝香 香根草,
264411,圣罗兰,柏歇斯街37,YSL Yves Saint Laurent 37 rue de Bellechasse,2017,8.2,,,,鸢尾根 沉香(乌木) 焚香 安息香脂 麝香
313364,圣罗兰,先锋男士淡香精,YSL Yves Saint Laurent Y Eau de Parfum,2018,7.5,苹果 生姜 香柠檬,鼠尾草 杜松子 天竺葵,琥珀木 零陵香豆 雪松 香根草 乳香,
731226,圣罗兰,梦幻剧星,YSL Yves Saint Laurent Cinéma,2004,7.9,杏花 克里曼丁红橘 仙客来,茉莉 牡丹 朱顶红,香草 琥珀 安息香脂 麝香,
757223,圣罗兰,同名男士,YSL Yves Saint Laurent Pour Homme,1971,8.5,柠檬 薰衣草 柠檬马鞭草 苦橙叶 香柠檬,迷迭香 马郁兰 天竺葵 巴西红木 快乐鼠尾草 康乃馨,香根草 麝香 广藿香 雪松 檀香木 零陵香豆 琥珀,
560310,圣罗兰,高定衣典系列-粒纹,YSL Yves Saint Laurent Grain de Poudre,2019,7.7,胡椒 芫荽,紫罗兰叶 鼠尾草,绒面革 麝香,
607693,圣罗兰,自由至上铂金之境,YSL Yves Saint Laurent Libre L'Absolu Platine,2023,7.3,香柠檬 白色花系 柑橘,薰衣草 橙花,龙涎香 香草 天芥菜,
685329,圣罗兰,自由至上（自由之水）清新版,YSL Yves Saint Laurent Libre Eau de Toilette,2021,6.5,薰衣草 香柠檬 橘子,橙花 茉莉花茶 茉莉,麝香 香草 龙涎香,
106482,圣罗兰,自由至上（自由之水）淡香精,YSL Yves Saint Laurent Libre Eau de Parfum Intense,2020,7.1,,,,薰衣草 橙花 兰花 香草
754137,圣罗兰,蒸汽鸦片（轻柔鸦片）,YSL Yves Saint Laurent Opium Vapeurs de Parfum,2012,7.9,粉红胡椒 橘子,橙花 茉莉,焚香 肉豆蔻 木质 琥珀 安息香脂 香草 广藿香,
865419,圣罗兰,高定衣典系列-皮革,YSL Yves Saint Laurent Cuir,2023,7.5,,,,皮革 紫罗兰叶 沉香(乌木)
910661,圣罗兰,生而不羁,YSL Yves Saint Laurent Myslf,2023,6.2,香柠檬,橙花,广藿香 琥珀,
679503,圣罗兰,圣叙尔皮斯6号,YSL Yves Saint Laurent 6 place Saint Sulpice,2017,8.3,,,,零陵香豆 劳丹脂 皮革 藏红花 薰衣草 香柠檬
795669,圣罗兰,爵士,YSL Yves Saint Laurent Jazz,1988,8.1,薰衣草 肉豆蔻 芫荽 艾蒿 茴芹 香柠檬 罗勒 肉桂 小豆蔻,天竺葵 康乃馨 茉莉 鸢尾花,橡木苔 烟草 皮革 檀香木 雪松 麝香 琥珀 零陵香豆,
834299,圣罗兰,高定衣典系列-缪斯（灵感之墨）,YSL Yves Saint Laurent Muse,2025,8.2,薰衣草 焚香 快乐鼠尾草,鸢尾根 香草 黄葵,墨水 琥珀木,
801637,圣罗兰,天之骄子自由,YSL Yves Saint Laurent L'Homme Libre,2011,7.4,紫罗兰叶 罗勒 八角 香柠檬,粉红胡椒 肉豆蔻,香根草 广藿香,
411934,圣罗兰,左岸男士,YSL Yves Saint Laurent Rive Gauche pour Homme,2003,8.3,八角 迷迭香 香柠檬,薰衣草 天竺葵 公丁香 香豆素,广藿香 橡木苔 香根草 愈创木,
240992,圣罗兰,黑鸦片猩红版,YSL Yves Saint Laurent Black Opium Over Red,2024,7.6,樱桃 橘子,茉莉 橙花 茶叶,香草 咖啡 广藿香,
400770,圣罗兰,猛男,YSL Yves Saint Laurent Body Kouros,2000,7.6,尤加利 焚香,雪松 快乐鼠尾草,安息香脂,
439933,圣罗兰,高贵金,YSL Yves Saint Laurent Magnificent Gold,2017,8.3,藏红花 粉红胡椒,香草 檀香木,白奇楠沉香 麝香,
661542,圣罗兰,反转巴黎光耀,YSL Yves Saint Laurent Mon Paris Lumière,2022,7.5,莲花 柠檬,玫瑰 曼陀罗 茉莉,麝香 广藿香,
272553,圣罗兰,暗夜男士浓香版,YSL Yves Saint Laurent La Nuit de L'Homme Le Parfum,2010,8,胡椒 茴芹 香柠檬,果香 薰衣草 劳丹脂,香草 广藿香 香根草,
941740,圣罗兰,黑鸦片精醇版,YSL Yves Saint Laurent Black Opium Extreme,2021,8.3,咖啡 可可果,茉莉 橙花,香草 广藿香,
493117,圣罗兰,终极男士,YSL Yves Saint Laurent L'Homme Ultime,2016,7.7,生姜 葡萄柚 小豆蔻 香柠檬,玫瑰 鼠尾草 天竺葵 苹果,雪松 香根草 开司米木,
426834,圣罗兰,高定衣典系列-豹纹,YSL Yves Saint Laurent Babycat,2022,8,榄香脂 胡椒 胡椒 粉红胡椒,乳香 藏红花,香草 绒面革 雪松,
539035,圣罗兰,唯爱（反之亦然）,YSL Yves Saint Laurent Vice Versa,1999,7.8,番茄 橘子 树莓 蓝莓,晚香玉 橙花 风铃草 茉莉 小苍兰 牡丹 桃子 香瓜,麝香 鸢尾花 琥珀 香草 雪松,
159116,圣罗兰,天之骄子极致,YSL Yves Saint Laurent L'Homme Parfum Intense,2013,7.2,柠檬 胡椒 香柠檬,橙花 艾蒿 紫罗兰叶,龙涎香 木质 安息香脂 皮革 绒面革 雪松,
322649,圣罗兰,黑鸦片违禁之绿（绿鸦片）,YSL Yves Saint Laurent Black Opium Illicit Green,2022,7.4,梨 无花果叶 橘子,无花果 橙花 茉莉,香草 咖啡 广藿香,
432872,圣罗兰,黑鸦片霓虹版,YSL Yves Saint Laurent Black Opium Neon,2019,8,火龙果 橘子 香橼,橙花 咖啡 茉莉,香草 麝香,
773337,圣罗兰,先锋男士清新版,YSL Yves Saint Laurent Y Eau Fraiche,2020,7.7,柠檬 生姜 胡椒,天竺葵 薄荷 杜松子 薰衣草,雪松 乳香,
980727,圣罗兰,全乙烯,YSL Yves Saint Laurent Vinyle,2016,8.3,粉红胡椒 香柠檬,没药 不凋花,香草 树脂 茴芹,
617227,圣罗兰,宣言精粹,YSL Yves Saint Laurent Manifesto l'Elixir,2013,8,香柠檬 橘子,天芥菜 茉莉 晚香玉,香草 开司米木 降龙涎香醚,
255718,圣罗兰,生活爵士,YSL Yves Saint Laurent Live Jazz,1998,7.7,薄荷 葡萄柚 柠檬,芫荽 大黄,琥珀 雪松 肉豆蔻 香草,
969815,圣罗兰,赤裸淡香水,YSL Yves Saint Laurent Nu Eau de Toilette,2003,8.5,小豆蔻 橙花油 香柠檬,茉莉 兰花 鸢尾花,焚香 麝香 香草,
948213,圣罗兰,奢华之木,（芬香衣帽间） YSL Yves Saint Laurent Splendid Wood (Le Vestiaire des Parfums),2017,9,小豆蔻 焚香,玫瑰 茉莉,沉香(乌木) 雪松 莎草,
950162,圣罗兰,反转巴黎-白色波点,YSL Yves Saint Laurent Mon Paris Couture,2018,7.6,树莓 葡萄柚 荔枝 香柠檬 橘子,玫瑰 牡丹 橙花 曼陀罗,麝香 广藿香 开司米酮 降龙涎香醚,
756224,圣罗兰,柔滑麂皮,YSL Yves Saint Laurent Sleek Suede,2017,8.3,可可果 焚香 胡椒 肉豆蔻 公丁香,沉香(乌木) 雪松,广藿香 香草 烟草 木质 劳丹脂,
251170,圣罗兰,恋恋情深珍藏版,YSL Yves Saint Laurent La Collection In Love Again,2011,8.6,黑加仑 橘子,葡萄 玫瑰 牡丹,黑莓 麝香,
413751,圣罗兰,金香槟珍藏版,YSL Yves Saint Laurent La Collection Yvresse,2011,8.2,油桃 荔枝,紫罗兰 玫瑰,广藿香,
793164,圣罗兰,鸦片中国兰花,YSL Yves Saint Laurent Opium Orchidée de Chine,2007,8.3,辛香料 橘子 橙花油,兰花 康乃馨 茉莉,肉豆蔻 琥珀 香草 鸢尾花 广藿香,
162303,圣罗兰,暗夜男士古龙水,YSL Yves Saint Laurent La Nuit de l'Homme Frozen Cologne,2012,8,香柠檬 橘子 柠檬,天竺葵 胡椒,零陵香豆 开司米木 雪松 香根草,
601978,圣罗兰,鸦片-窈窕淑女（中国诗）,YSL Yves Saint Laurent Opium Poesie de Chine pour Femme,2008,8.1,生姜 蜜橘 橘子 柑橘,木兰 茉莉,没药 广藿香 香草 麝香,
388024,圣罗兰,Y香精版,YSL Yves Saint Laurent Y Parfum,1964,9.6,醛 栀子花 忍冬 绿叶 桃子 李子,风信子 鸢尾根 茉莉 玫瑰 晚香玉 依兰,琥珀 安息香脂 橡木苔 广藿香 檀香木 安息香 香根草 麝猫香,
949036,圣罗兰,自由至上沙漠百合,YSL Yves Saint Laurent Libre Flowers & Flames,2024,7.5,薰衣草 香柠檬,百合 橙花 棕榈叶 薰衣草 椰子,香草,
479807,圣罗兰,丝绒,YSL Yves Saint Laurent Velours,2016,8.5,茶叶 粉红胡椒 胡椒,鸢尾根 乳香 茉莉,香草 琥珀木 麝香,
918422,圣罗兰,爵士威望,YSL Yves Saint Laurent Jazz Prestige,1993,9.1,薰衣草 香柠檬 果香 胡椒 肉豆蔻 芫荽 茴芹 绿叶,天竺葵 柏树 玫瑰 茉莉 康乃馨 生姜 葛缕子 肉桂,檀香木 橡木苔 皮革 广藿香 安息香脂 椰子 琥珀 雪松,
167701,圣罗兰,馥郁之花,YSL Yves Saint Laurent Supreme Bouquet (Le Vestiaire des Parfums),2017,8.3,香柠檬 粉红胡椒,晚香玉 依兰,琥珀 木质 广藿香,
