ID,brand,name_cn,name_fr,year,top_note,middle_note,base_note,note
921283,香奈儿,珍藏系列-1957,Chanel 1957,2019,,,,醛 麝香 香柠檬 鸢尾根 橙花 雪松 蜂蜜 脂粉味
204851,香奈儿,珍藏系列-梧桐影木淡香精,Chanel Sycomore Eau de Parfum,2016,,,,香根草 柏树 杜松 辛香料 檀香木 烟草 粉红胡椒 醛 紫罗兰
945660,香奈儿,珍藏系列-梧桐影木淡香水,Chanel Les Exclusifs de Chanel Sycomore,2008,,,,香根草 柏树 烟草 杜松 檀香木 醛 粉红胡椒 辛香料 紫罗兰
750128,香奈儿,19号淡香精,Chanel N°19 Eau de Parfum,1970,绿叶 香柠檬 橙花油,鸢尾花 玫瑰 水仙花 铃兰 依兰,橡木苔 香根草 皮革 檀香木,
298678,香奈儿,可可小姐,Chanel Coco Mademoiselle,2001,橙子 橘子 香柠檬 橙花,玫瑰 茉莉 含羞草 依兰,广藿香 麝香 香草 香根草 零陵香豆 红没药,
649941,香奈儿,绅士,Chanel Pour Monsieur,1955,柠檬 苦橙叶 橙花油,小豆蔻 生姜 芫荽 罗勒,橡木苔 香根草 雪松,
331341,香奈儿,嘉柏丽尔天性,Chanel Gabrielle Essence,2019,柑橘 桃子 红色水果 苦橙叶 黑加仑,白色花系 晚香玉 依兰 茉莉 橙花 椰子,麝香 香草 檀香木,
896190,香奈儿,19号淡香水,Chanel N°19 EDT,1970,白松香 风信子 香柠檬 橙花油,鸢尾花 鸢尾根 玫瑰 铃兰 水仙花 茉莉 依兰,橡木苔 香根草 皮革 雪松 麝香 檀香木,
997029,香奈儿,5号典藏版,Chanel N°5 (Vintage),1921,醛 依兰 橙花油 柠檬 香柠檬,玫瑰 鸢尾花 茉莉 鸢尾根 铃兰,麝猫香 琥珀 檀香木 麝香 香草 橡木苔 广藿香 香根草,
291295,香奈儿,5号淡香精,Chanel N°5 Eau de Parfum,1986,醛 依兰 橙花油 香柠檬 桃子,鸢尾花 茉莉 玫瑰 铃兰,檀香木 香草 橡木苔 香根草 广藿香,
548145,香奈儿,俄罗斯皮革淡香精,Chanel Cuir de Russie Eau de Parfum,2016,橙花 橘子 香柠檬,依兰 茉莉 烟草 玫瑰,皮革 桦木 树脂,
421286,香奈儿,珍藏系列-绿色气息淡香精,Chanel Bel Respiro Eau de Parfum,2016,,,,绿叶 青草 花香 皮革
500546,香奈儿,珍藏系列-米西亚淡香精,Chanel Misia Eau de Parfum,2016,醛 荔枝,树莓 玫瑰 玫瑰 桃子,紫罗兰 脂粉味 鸢尾根 皮革 零陵香豆 香草 安息香脂,
212200,香奈儿,5号淡香精圣诞限量版,Chanel N°5 Eau de Parfum Red Edition,2018,醛 依兰 橙花油 香柠檬 桃子,鸢尾花 茉莉 玫瑰 铃兰,檀香木 香草 橡木苔 香根草 广藿香,
469380,香奈儿,绅士淡香精,Chanel Pour Monsieur Eau de Parfum,2016,,,,柠檬 香草 肉豆蔻 薰衣草 香根草
182220,香奈儿,珍藏系列-18号淡香精,Chanel N°18 Eau de Parfum,2016,,,,黄葵 果香 木质 鸢尾花 花香
230890,香奈儿,绅士浓缩版,Chanel Pour Monsieur Concentree,1989,橘子 薰衣草 苦橙叶,小豆蔻 肉豆蔻,香草 橡木苔 红没药 香根草,
274540,香奈儿,邂逅柔情（粉邂逅）香发喷雾,Chanel Chance Eau Tendre Hair Mist,0000,,,,木梨 茉莉 葡萄柚 麝香
725309,香奈儿,俄罗斯皮革香精版,Chanel Cuir de Russie Parfum,1924,,,,皮革 醛 依兰 茉莉 烟草 玫瑰 香草
958405,香奈儿,水晶恋绿意淡香精,Chanel Cristalle Eau Verte Eau de Parfum,2023,,,,绿叶 柑橘 木兰 茉莉
228191,香奈儿,香奈儿之花,Chanel Une Fleur de Chanel,1998,绿叶 柑橘,茉莉 山茶花,檀香木,
426323,香奈儿,可可小姐香发喷雾,Chanel Coco Mademoiselle Hair Mist,0000,,,,玫瑰 橙子 广藿香
740073,香奈儿,魅力香精,Chanel Allure Parfum,0000,,,,橘子 香草 玫瑰
103114,香奈儿,黑木,Chanel Bois Noir,1987,,,,檀香木 黄葵 玫瑰 薰衣草 巴西红木 橘子 芫荽 香草
464418,香奈儿,邂逅清新（绿邂逅）香发喷雾,Chanel Chance Eau Fraiche Hair Mist,0000,,,,香橼 柚木 茉莉
376264,香奈儿,珍藏系列-东方屏风香精版,Chanel Coromandel Parfum,2019,苦橙 橙花油 柑橘,广藿香 鸢尾根 茉莉 玫瑰,乳香 安息香脂 劳丹脂,
385112,香奈儿,黑色可可香精版,Chanel Coco Noir Extrait,2014,葡萄柚 香柠檬 醛 柠檬,玫瑰 水仙花 天竺葵 茉莉 公丁香,广藿香 乳香 零陵香豆 檀香木 香草 麝香 安息香脂 鸢尾根,
189200,香奈儿,5号诱惑,Chanel N°5 Elixir Sensuel,2004,醛 橙花油,依兰 鸢尾花 茉莉,琥珀 木质,
163437,香奈儿,邂逅香精版,Chanel Chance Parfum,2003,,,,茉莉 鸢尾花 麝香 香草
217256,香奈儿,岛屿森林,Chanel Bois Des Iles Parfum,0000,,,,檀香木 姜饼 香根草 依兰 香草 零陵香豆 茉莉 玫瑰 杏仁
469091,香奈儿,珍藏系列-梧桐影木香精,Chanel Sycomore Parfum,2022,,,,香根草 鸢尾花 香草 雪松 皮革
394623,香奈儿,5号香发喷雾,Chanel N°5 Hair Mist,0000,,,,玫瑰 茉莉
750944,香奈儿,嘉柏丽尔香精,Chanel Gabrielle Parfum,2022,,,,茉莉 晚香玉 橙花 香草 依兰 檀香木
654819,香奈儿,19号古龙水,Chanel N°19 Eau de Cologne,1971,香柠檬 白松香 风信子 橙花油,鸢尾花 茉莉 铃兰 水仙花.玫瑰 依兰,橡木苔 皮革 麝香 檀香木 雪松,
307213,香奈儿,感性魅力淡香水,Chanel Allure Sensuelle Eau de Toilette,2006,粉红胡椒 香柠檬 橘子,香根草 干果 鸢尾花 玫瑰 茉莉,广藿香 香草 琥珀 劳丹脂 麝香,
586197,香奈儿,蔚蓝珍藏香精,Chanel Bleu de Chanel L'Exclusif,2025,,,,木质 琥珀 劳丹脂 檀香木
220781,香奈儿,5号香氛发香雾,Chanel N°5 Hair Fragrance,2021,,,,茉莉 玫瑰
274013,香奈儿,栀子花香精版,Chanel Gardénia Extrait de Parfum,2017,,,,栀子花
690193,香奈儿,5号淡香精100周年纪念限量版,Chanel N°5 Eau de Parfum 100th Anniversary – Ask For The Moon Limited Edition,2021,醛 依兰 香柠檬 桃子 橙花油,鸢尾花 铃兰 玫瑰 茉莉,檀香木 橡木苔 广藿香 香根草 香草,
213773,香奈儿,珍藏系列-栀子花淡香水,Chanel Gardénia Eau de Toilette,2007,橙花 茉莉 栀子花 绿叶,晚香玉 椰子 果香,麝香 香根草 广藿香 檀香木 香草,
467133,香奈儿,感性魅力香精版,Chanel Allure Sensuelle Parfum,2006,,,,东方香料 玫瑰 香草 茉莉
368056,香奈儿,5号之水限定珍藏版,Chanel N°5 L’EAU – Limited edition,2024,醛 青柠 橘子 橙子 柠檬 香柠檬 橙花油,依兰 玫瑰 茉莉,麝香 雪松 鸢尾根 香草,
556190,香奈儿,邂逅活力（橙邂逅）香发喷雾,Chanel Chance Eau Vive Hair Mist,0000,,,,葡萄柚 血橙 鸢尾花 雪松 茉莉
576940,香奈儿,珍藏系列-22号淡香水,Chanel Les Exclusifs de Chanel N°22 EDT,2007,醛 橙花油 铃兰,依兰 茉莉 玫瑰,香草 香根草,
649054,香奈儿,自我浓缩古龙水,Chanel Egoiste Cologne Concentree,1992,,,,檀香木 肉桂 辛香料 黑檀红木 香草 木质 皮革
512375,香奈儿,邂逅（黄邂逅）香发喷雾,Chanel Chance Hair Mist,0000,,,,广藿香 茉莉 粉红胡椒 琥珀
694102,香奈儿,可可小姐清新喷雾,Chanel Coco Mademoiselle L'Eau,2021,橙子 香柠檬,玫瑰 茉莉,麝香,
566873,香奈儿,可可小姐精粹版,Chanel Coco Mademoiselle L’Extrait,2012,橙子 香柠檬,玫瑰 茉莉 鸢尾花,广藿香 麝香 香根草 香草,
134308,香奈儿,可可小姐香发喷雾,Chanel Coco Mademoiselle Hair Mist,2023,橙子,茉莉 玫瑰,广藿香 香根草,
873057,香奈儿,珍藏系列-米色时尚香精,Chanel Les Exclusifs de Chanel Beige Parfum,2014,,,,小苍兰 鸡蛋花 蜂蜜 山楂
459177,香奈儿,蔚蓝香氛喷雾,Chanel Bleu de Chanel All-Over Spray,2021,葡萄柚 薄荷 柠檬 粉红胡椒,生姜 茉莉 龙涎酮 肉豆蔻,麝香 劳丹脂 焚香 广藿香 雪松 檀香木 香根草,
272703,香奈儿,魅力女士清新之水夏季版,Chanel Allure Eau Fraichissante Pour l'Ete,2002,香柠檬 醛 葡萄柚 橘子 血橙,木兰 茉莉 睡莲 忍冬 玫瑰,香草 香根草,
280594,香奈儿,5号淡香水100周年纪念限量版,Chanel N°5 L'Eau Eau De Toilette 100th Anniversary – Ask For The Moon Limited Edition,2021,柠檬 醛 青柠 香柠檬 橙花油 橘子 橙子,依兰 茉莉 玫瑰,麝香 鸢尾根 雪松 香草,
256969,香奈儿,魅力男士清新之水夏季版,Chanel Allure Homme Eau Fraichissante Pour l'Ete,2002,醛 橙子 香柠檬 橘子,香根草 雪松,零陵香豆 粉红胡椒 劳丹脂,
303963,香奈儿,魅力男士运动超轻版,Chanel Allure Homme Sport Superleggera,2024,橘子 柑橘,木质 雪松,麝香 广藿香 檀香木,
238369,香奈儿,梧桐影木,Chanel Sycomore,1930,香柠檬 橙花油,忍冬 茉莉 玫瑰 依兰,雪松 麝香 檀香木 烟草 紫罗兰,
126901,香奈儿,珍藏系列-自由旅程香精,Chanel Les Exclusifs de Chanel Jersey Parfum,2014,,,,薰衣草 香草 麝香 零陵香豆 野花 玫瑰 青草 茉莉
225872,香奈儿,5号香精圣诞限量版,Chanel N°5 Parfum Red Edition,2018,醛 橙花油,茉莉 玫瑰,木质,
960656,香奈儿,珍藏系列-一九三二香精,Chanel Les Exclusifs de Chanel 1932 Parfum,2014,香柠檬 醛 橙花油,茉莉 玫瑰 紫丁香 依兰 康乃馨,鸢尾根 香根草 黄葵 红没药 麝香 香草 檀香木 焚香 香豆素,
248060,香奈儿,可可小姐黑色发雾,Chanel Coco Noir Hair Mist,2018,葡萄柚,天竺葵 玫瑰 茉莉,广藿香 零陵香豆 香草 麝香,
415495,香奈儿,5号之水,Chanel N°5 Collection,2021,,,,
407046,香奈儿,5号淡香精限量版,Chanel N°5 Eau de Parfum Limited Edition,2024,醛 依兰 橙花油 桃子 香柠檬,茉莉 鸢尾花 铃兰 玫瑰,橡木苔 香草 檀香木 广藿香 香根草,
356083,香奈儿,1940,本色香奈儿 Chanel Le 1940 Beige de Chanel,1931,鸢尾花,茉莉,橡木苔 龙涎香,
749471,香奈儿,5号香精版百家乐限定,Chanel N°5 Parfum Baccarat Grand Extrait,2021,醛 依兰 橙花油 香柠檬 柠檬,鸢尾花 鸢尾根 茉莉 玫瑰 铃兰,麝猫香 檀香木 橡木苔 香根草 广藿香 琥珀 麝香 香草,
472811,香奈儿,魅力香发喷雾,Chanel Allure Hair Mist,0000,,,,玫瑰 橘子 香草
991809,香奈儿,1940,蔚蓝 Chanel Le 1940 Bleu de Chanel,1931,醛 百合,醋栗叶 铃兰 紫罗兰 仙客来,香根草 檀香木 雪松,
122455,香奈儿,1940,性感香奈儿 Chanel Le 1940 Rouge de Chanel,1931,天竺葵 醛,玫瑰 紫罗兰,琥珀 香根草,
708730,香奈儿,46号,Chanel N°46,1946,香柠檬 橙花油 橙子,玫瑰 依兰 茉莉 铃兰,鸢尾根 麝香 檀香木 香草 孜然 香根草,
912439,香奈儿,嘉柏丽尔柔雾,Chanel Gabrielle Fragrance Primer,2025,黑加仑 葡萄柚 橘子,晚香玉 橙花 茉莉 依兰,麝香 檀香木,
653606,香奈儿,Chanel,Coco Mademoiselle Fragrance Primer,2025,香柠檬 橙花 橘子 橙子,茉莉 玫瑰 含羞草 依兰,红没药 广藿香 香根草 零陵香豆 麝香 香草,
803356,香奈儿,珍藏系列-东方屏风淡香水,Chanel Les Exclusifs de Chanel Coromandel,2007,苦橙 橙花油 柑橘,广藿香 鸢尾根 玫瑰 茉莉,安息香脂 白巧克力 木质 焚香 香草 乳香 麝香,
256912,香奈儿,5号之水,Chanel N°5 L'Eau,2016,醛 柠檬 橘子 橙子,依兰 茉莉 玫瑰,麝香 鸢尾根 雪松 香根草,
777924,香奈儿,邂逅清新（绿邂逅）淡香水,Chanel Chance Eau Fraiche,2007,柠檬 雪松 香橼,凤眼兰 粉红胡椒 茉莉,广藿香 麝香 香根草 柚木 鸢尾花 琥珀,
331972,香奈儿,5号淡香水,Chanel N°5 Eau de Toilette,1924,醛 依兰 橙花油 柠檬 香柠檬,鸢尾花 茉莉 玫瑰 鸢尾根 铃兰,麝猫香 檀香木 麝香 橡木苔 香根草 琥珀 香草 广藿香,
328164,香奈儿,邂逅柔情（粉邂逅）淡香水,Chanel Chance Eau Tendre,2010,木梨 葡萄柚,风信子 茉莉,麝香 鸢尾花 雪松 琥珀,
587917,香奈儿,可可女士,Chanel Coco Eau de Parfum,1984,玫瑰 芫荽 桃子 茉莉 橘子,公丁香 玫瑰 橙花 含羞草 三叶草,琥珀 檀香木 零陵香豆 麝猫香 红没药 香草 劳丹脂,
793115,香奈儿,之水系列,巴黎-爱丁堡 Chanel Paris – Édimbourg,2021,柠檬 香柠檬,杜松子 柏树,雪松 香根草,
774306,香奈儿,之水系列,巴黎-杜维埃 Chanel Paris – Deauville,2018,罗勒 青柠 橙子 香柠檬 苦橙叶 柠檬,绿叶 希蒂莺 茉莉 玫瑰,广藿香,
167347,香奈儿,蔚蓝淡香精,Chanel Bleu de Chanel Eau de Parfum,2014,葡萄柚 柠檬 薄荷 粉红胡椒 香柠檬 醛 芫荽,生姜 肉豆蔻 茉莉 香瓜,焚香 琥珀 雪松 檀香木 广藿香 琥珀木 劳丹脂,
595834,香奈儿,嘉柏丽尔,Chanel Gabrielle,2017,葡萄柚 橘子 黑加仑,橙花 茉莉 依兰 晚香玉 铃兰 梨 粉红胡椒,麝香 檀香木 开司米酮 鸢尾根,
557383,香奈儿,可可小姐黑色,Chanel Coco Noir,2012,葡萄柚 香柠檬 橙子,玫瑰 天竺葵 茉莉 水仙花 桃子,广藿香 檀香木 乳香 零陵香豆 香草 麝香 公丁香 安息香脂,
589834,香奈儿,珍藏系列-康朋街31号,Chanel Les Exclusifs de Chanel 31 Rue Cambon,2007,香柠檬 胡椒 绿叶,鸢尾花 依兰 玫瑰,广藿香 劳丹脂,
176433,香奈儿,蔚蓝淡香水,Chanel Bleu de Chanel Eau de Toilette,2010,葡萄柚 柠檬 薄荷 粉红胡椒,生姜 肉豆蔻 茉莉 龙涎酮,焚香 香根草 雪松 檀香木 广藿香 劳丹脂 麝香,
567250,香奈儿,珍藏系列-清新古龙水,Chanel Les Exclusifs de Chanel Eau de Cologne,2007,柠檬 香柠檬 柑橘 绿叶,橙花油 苦橙叶 辛香料,麝香 零陵香豆,
825753,香奈儿,珍藏系列-东方屏风淡香精,Chanel Coromandel Eau de Parfum,2016,苦橙 柑橘 橙花油,广藿香 鸢尾根 玫瑰 茉莉,安息香脂 白巧克力 琥珀 乳香 焚香 木质 麝香,
468431,香奈儿,之水系列,巴黎-比亚利兹 Chanel Paris – Biarritz,2018,蜜橘 香柠檬 橙子 柠檬 葡萄柚,橙花油 绿叶 铃兰,麝香 广藿香,
606270,香奈儿,19号香精版,Chanel N°19 Parfum,1970,白松香 橙花油,鸢尾根 玫瑰 水仙花 茉莉 希蒂莺 依兰,橡木苔 香根草 雪松 麝香,
440460,香奈儿,邂逅（黄邂逅）淡香水,Chanel Chance Eau de Toilette,2002,广藿香 粉红胡椒 菠萝 风信子 鸢尾花,柠檬 茉莉 玫瑰,广藿香 麝香 香根草 香草,
342962,香奈儿,5号香精版,Chanel N°5 Parfum,1921,醛 依兰 橙花油 香柠檬 柠檬,鸢尾花 茉莉 玫瑰 鸢尾根 铃兰,麝猫香 麝香 琥珀 檀香木 橡木苔 香根草 香草 广藿香,
918503,香奈儿,蔚蓝香精版,Chanel Bleu de Chanel Parfum,2018,柠檬皮 香柠檬 薄荷 艾蒿,薰衣草 菠萝 天竺葵 绿叶,檀香木 雪松 琥珀木 龙涎酮 零陵香豆,
664020,香奈儿,珍藏系列-法式别墅淡香精,Chanel La Pausa Eau de Parfum,2016,,,,鸢尾花 木质 绿叶 脂粉味
607576,香奈儿,水晶恋淡香水,Chanel Cristalle Eau de Toilette,1974,柠檬 香柠檬,风信子 巴西红木 忍冬 茉莉,橡木苔 香根草,
748009,香奈儿,可可小姐淡香水,Chanel Coco Mademoiselle Eau de Toilette,2002,橙子 香柠檬 葡萄柚,荔枝 玫瑰 茉莉,广藿香 香根草 香草 麝香,
872811,香奈儿,之水系列,巴黎-威尼斯 Chanel Paris – Venise,2018,柠檬 橙子 苦橙叶 香柠檬 粉红胡椒,鸢尾花 橙花油 依兰 玫瑰 天竺葵,零陵香豆 麝香 香草 紫罗兰 鸢尾根 安息香脂,
809824,香奈儿,力度,Chanel Antaeus,1981,没药 快乐鼠尾草 芫荽 香柠檬 青柠 柠檬,玫瑰 百里香 罗勒 茉莉,海狸香 橡木苔 广藿香 劳丹脂,
169415,香奈儿,魅力男士运动,Chanel Allure Homme Sport,2004,橙子 海水 醛 橘子,胡椒 橙花油 雪松,零陵香豆 香草 麝香 琥珀 香根草 榄香脂,
746079,香奈儿,自我,Chanel Egoiste,1990,巴西红木 芫荽 桃花心木 橘子,肉桂 玫瑰 康乃馨,檀香木 烟草 香草 皮革 琥珀 黄葵,
879092,香奈儿,可可小姐馥郁版,Chanel Coco Mademoiselle Intense,2018,橙子 香柠檬 柠檬,玫瑰 果香 茉莉,广藿香 香草 零陵香豆 麝香 劳丹脂,
113878,香奈儿,之水系列,巴黎-巴黎 Chanel Paris – Paris,2022,柑橘 粉红胡椒 柠檬,玫瑰,广藿香,
392220,香奈儿,珍藏系列-岛屿森林,Chanel Bois des Iles,1926,醛 芫荽 橙花油 桃子 香柠檬 橘子,依兰 鸢尾花 鸢尾根 茉莉 玫瑰 紫丁香 铃兰,檀香木 琥珀 安息香脂 零陵香豆 红没药 香草 麝香 香根草,
966334,香奈儿,珍藏系列-狮子,Chanel Le Lion de Chanel,2020,香柠檬 柠檬,劳丹脂 琥珀,香草 广藿香 麝香 檀香木,
305753,香奈儿,珍藏系列-俄罗斯皮革,Chanel Les Exclusifs de Chanel Cuir de Russie,2007,橙花 香柠檬 橘子,依兰 茉莉 玫瑰 东方香料,皮革 桦木 烟草 麝香,
634944,香奈儿,白金,Chanel Egoiste Platinum,1993,薰衣草 迷迭香 橙花油 苦橙叶,天竺葵 快乐鼠尾草 白松香 茉莉,橡木苔 香根草 雪松 檀香木 琥珀,
182443,香奈儿,珍藏系列-22号淡香精,Chanel Les Exclusifs de Chanel N°22 EDP,2016,醛 橙花油 铃兰,依兰 茉莉 玫瑰 晚香玉,香草 香根草,
304577,香奈儿,邂逅柔情（粉邂逅）淡香精,Chanel Chance Eau Tendre Eau de Parfum,2019,木梨 葡萄柚,玫瑰 茉莉,麝香,
571804,香奈儿,5号低调奢华版,Chanel N°5 Eau Premiere,2008,醛 依兰 橙花油,茉莉 玫瑰,香草 檀香木 香根草,
908893,香奈儿,男孩,Chanel Boy Chanel,2016,薰衣草 葡萄柚 柠檬,天竺葵 橙花 玫瑰,麝香 天芥菜 檀香木 香草 橡木苔 香豆素,
850007,香奈儿,珍藏系列-岛屿森林淡香精,Chanel Bois des Iles Eau de Parfum,2016,香柠檬 橘子,檀香木 依兰,树脂 木质 香草 零陵香豆,
748752,香奈儿,之水系列,巴黎-里维埃拉 Chanel Paris – Riviera,2019,柑橘 花香 橙子,橙花油 茉莉,安息香脂 檀香木,
894558,香奈儿,珍藏系列-栀子花淡香精1925版,Chanel Gardénia,1925,橙花 绿叶,栀子花 晚香玉 茉莉 果香,椰子 香草 麝香 檀香木 香根草 广藿香,
798781,香奈儿,白色魅力（白色时尚）男士,Chanel Allure Homme Edition Blanche,2008,,,,柠檬 香草 香柠檬 粉红胡椒 檀香木 零陵香豆 香根草 麝香 琥珀 雪松
828975,香奈儿,邂逅（黄邂逅）淡香精,Chanel Chance Eau de Parfum,2005,粉红胡椒,茉莉 鸢尾花,广藿香 麝香 香草,
966690,香奈儿,邂逅活力（橙邂逅）,Chanel Chance Eau Vive,2015,血橙 葡萄柚 柑橘,茉莉 麝香,香根草 雪松 鸢尾花,
118728,香奈儿,珍藏系列-米色时尚淡香水,Chanel Les Exclusifs de Chanel Beige,2008,,,,鸡蛋花 小苍兰 蜂蜜 山楂
225286,香奈儿,魅力男士,Chanel Allure Homme,1999,柠檬 桃子 生姜 橘子 薰衣草 香柠檬,胡椒 雪松 广藿香 香根草 巴西红木 玫瑰 茉莉 栀子花 茴芹 小苍兰,香草 零陵香豆 椰子 檀香木 琥珀 安息香脂 麝香 皮革 橡木苔,
119274,香奈儿,珍藏系列-康朋街三十一号淡香精,Chanel 31 Rue Cambon Eau de Parfum,2016,胡椒 香柠檬 绿叶,鸢尾花 依兰 玫瑰,广藿香 劳丹脂 木质,
867159,香奈儿,珍藏系列-一九三二,Chanel Les Exclusifs de Chanel 1932,2013,醛 橙花油 香柠檬,茉莉 紫丁香 依兰 玫瑰 康乃馨,鸢尾根 麝香 黄葵 香根草 檀香木 红没药 香草 香豆素 焚香,
693288,香奈儿,珍藏系列-法式别墅28号,Chanel Les Exclusifs de Chanel 28 La Pausa,2007,,,,鸢尾根 皮革 玫瑰
805376,香奈儿,水晶恋绿意淡香水,Chanel Cristalle Eau Verte,2009,柠檬 香柠檬,橙花油 木兰,茉莉 鸢尾花 麝香,
769731,香奈儿,19号淡雅倾心版,Chanel N°19 Poudre,2011,白松香 橙花油 橘子,鸢尾花 茉莉,香根草 麝香 零陵香豆,
613920,香奈儿,可可女士淡香水,Chanel Coco Eau de Toilette,0000,玫瑰 桃子 芫荽 橘子 茉莉,公丁香 玫瑰 含羞草 橙花 三叶草,檀香木 红没药 琥珀 麝猫香 香草 零陵香豆 劳丹脂,
786662,香奈儿,俄罗斯皮革,Chanel Les Exclusifs de Chanel Cuir de Russie,1924,快乐鼠尾草 橙花 香柠檬 柠檬 橘子,鸢尾花 依兰 康乃馨 香根草 茉莉 玫瑰 雪松,皮革 桦木 烟草 麝香 琥珀 天芥菜 香草,
602849,香奈儿,魅力,Chanel Allure,1996,柠檬 橘子 百香果 桃子 香柠檬,忍冬 茉莉 木兰 小苍兰 睡莲 橙花 牡丹 玫瑰,香草 檀香木 琥珀 香根草 广藿香,
631255,香奈儿,珍藏系列-绿色气息,Chanel Les Exclusifs de Chanel Bel Respiro,2007,,,,绿叶 青草 皮革 花香
767248,香奈儿,珍藏系列-自由旅程淡香水,Chanel Les Exclusifs de Chanel Jersey EDT,2011,,,,薰衣草 香草 麝香 零陵香豆 野花 青草 玫瑰 茉莉
457231,香奈儿,5号低调奢华2015版,Chanel N°5 Eau Premiere,2015,醛 依兰 橙花油,茉莉 玫瑰,香草 檀香木 香根草,
773405,香奈儿,珍藏系列-彗星,Chanel Les Exclusifs de Chanel Comète,2024,樱花 醛,鸢尾花 天芥菜,麝香,
714586,香奈儿,可可小姐清新之水,Chanel Coco Mademoiselle L'Eau Privée,2020,橘子,玫瑰 茉莉,麝香,
441085,香奈儿,魅力淡香精,Chanel Allure Eau de Parfum,1999,,,,桃子 香草 橘子 茉莉 香柠檬 木兰 雪松 橙花 香根草 玫瑰 牡丹 莲花
716433,香奈儿,魅力男士运动古龙水,Chanel Allure Homme Sport Cologne,2007,柠檬 香柠檬 橙子 葡萄柚 橘子 醛 橙花油,冷杉 辛香料 榄香脂,麝香 胡椒 雪松 香根草 零陵香豆,
322624,香奈儿,1号红色之水,Chanel N°1 de Chanel L'Eau Rouge,2022,红浆果 柑橘,玫瑰 茉莉 橙花,麝香 鸢尾花,
950122,香奈儿,5号之水圣诞限量版,Chanel N°5 L'Eau Red Edition,2018,醛 柠檬 橙子 橙花油 香柠檬 青柠 橘子,依兰 茉莉 玫瑰,鸢尾根 香草 雪松 麝香,
881378,香奈儿,感性魅力,Chanel Allure Sensuelle,2005,广藿香 粉红胡椒 桃子 橘子 香柠檬,玫瑰 玫瑰 鸢尾花 茉莉 干果,广藿香 香草 辛香料 檀香木 香根草 劳丹脂 薰衣草 琥珀,
273086,香奈儿,邂逅梦幻,Chanel Chance Eau Splendide,2025,树莓 玫瑰 紫罗兰,天竺葵 玫瑰 薄荷,鸢尾花 雪松 麝香,
814668,香奈儿,魅力极限运动,Chanel Allure Homme Sport Eau Extreme,2012,橘子 薄荷 柏树 鼠尾草,胡椒,零陵香豆 麝香 檀香木 雪松,
931343,香奈儿,水晶恋淡香精,Chanel Cristalle Eau de Parfum,1993,橘子,香瓜 茉莉 桃子 依兰,橡木苔 香根草,
187218,香奈儿,珍藏系列-22号香精版,Chanel N°22,1922,醛 橙花油 百合 晚香玉 铃兰 橙花,依兰 茉莉 玫瑰 肉豆蔻,鸢尾花 香草 香根草,
995290,香奈儿,珍藏系列-米西亚,Chanel Les Exclusifs de Chanel Misia,2015,醛 荔枝,玫瑰 玫瑰 树莓 桃子,紫罗兰 脂粉味 鸢尾花 鸢尾根 零陵香豆 含羞草 安息香脂 香草,
659582,香奈儿,珍藏系列-一九三二淡香精,Chanel 1932 Eau de Parfum,2016,梨 醛 葡萄柚,鸢尾花 花香 茉莉,麝香 香根草 香草 木质 焚香,
195988,香奈儿,珍藏系列-栀子花淡香精,Chanel Gardenia Eau de Parfum,2016,绿叶,栀子花 果香 椰子,香草,
463781,香奈儿,珍藏系列-18号,Chanel Les Exclusifs de Chanel N°18,1997,,,,黄葵 鸢尾花 果香 木质 花香
216503,香奈儿,5号古龙水,Chanel N°5 Eau de Cologne,1924,醛 依兰 橙花 香柠檬 柠檬,鸢尾花 茉莉 玫瑰 鸢尾根 铃兰,麝猫香 麝香 琥珀 香根草 广藿香 檀香木 橡木苔 香草,
719295,香奈儿,嘉柏丽尔之水,Chanel Gabrielle L'Eau,2024,红浆果 绿叶,橙花 依兰 晚香玉 茉莉,麝香 檀香木,
491642,香奈儿,邂逅清新（绿邂逅）淡香精,Chanel Chance Eau Fraiche Eau de Parfum,2023,香橼 醛,茉莉,柚木 琥珀,
770581,香奈儿,可可小姐香精版,Chanel Coco Mademoiselle Parfum,0000,香柠檬 橙子 葡萄柚,玫瑰 荔枝 茉莉,广藿香 香草 麝香 香根草,
274632,香奈儿,珍藏系列-自由旅程淡香精,Chanel Jersey Eau de Parfum,2016,,,,薰衣草 麝香 香草 零陵香豆 野花 青草 茉莉 玫瑰
180993,香奈儿,可可女士香精版,Chanel Coco Parfum,0000,玫瑰 芫荽 桃子 茉莉 橘子,玫瑰 公丁香 含羞草 橙花 三叶草,琥珀 红没药 麝猫香 檀香木 劳丹脂 香草 零陵香豆,
929381,香奈儿,白色魅力淡香精,Chanel Allure Homme Edition Blanche Eau de Parfum,2014,柠檬 香柠檬,檀香木 木质,香草 香根草,
481154,香奈儿,珍藏系列-米色时尚淡香精,Chanel Beige Eau de Parfum,2016,,,,鸡蛋花 蜂蜜 小苍兰 山楂
775241,香奈儿,嘉柏丽尔发雾,Chanel Gabrielle Chanel Hair Mist,2019,葡萄柚 橘子 黑加仑,橙花 茉莉 晚香玉 梨 铃兰 粉红胡椒 依兰,麝香 开司米酮 檀香木 鸢尾根,
449262,爱马仕,大地,Hermes Terre d'Hermes,2006,橙子 葡萄柚,胡椒 天竺葵属 火石,香根草 雪松 广藿香 安息香脂,
251428,爱马仕,尼罗河花园,Hermes Un Jardin Sur Le Nil,2005,葡萄柚 芒果 番茄 胡萝卜,莲花 香蒲 橙子 风信子 牡丹,麝香 鸢尾花 焚香 劳丹脂 肉桂,
587576,爱马仕,绯红火参（血色大黄）,Hermes Eau de Rhubarbe Ecarlate,2016,大黄,红浆果,麝香,
283964,爱马仕,大地香精,Hermes Terre d'Hermes Parfum,2009,橙子 葡萄柚 紫苏,火石,木质 橡木苔 安息香脂 雪松,
877745,爱马仕,李先生花园,Hermes Le Jardin de Monsieur Li,2015,,,,金橘 茉莉 香柠檬
146752,爱马仕,橘绿之泉古龙水,Hermes Eau d'Orange Verte,2009,,,,橙子 橡木苔 柠檬 薄荷 橘子 醋栗叶 广藿香
955897,爱马仕,橘绿之泉淡香水,Hermes Concentre d'Orange Verte,2004,,,,橙子 罗勒 雪松 广藿香 琥珀
932916,爱马仕,地中海花园,Hermes Un Jardin En Mediterranee,2003,香柠檬 柠檬 橘子,橙花 夹竹桃,柏树 无花果叶 麝香 杜松 雪松 开心果,
476435,爱马仕,橘彩星光淡香水,Hermes Eau des Merveilles,2004,橙子 榄香脂 柠檬,琥珀 胡椒 粉红胡椒 紫罗兰,冷杉 雪松 香根草 橡木苔 安息香脂,
315972,爱马仕,屋顶花园,Hermes Un Jardin Sur Le Toit,2011,,,,青草 红苹果 玫瑰 梨 迷迭香 木兰
806034,爱马仕,橘彩星光飞马版,Hermes Eau des Merveilles Pegase,2007,,,,柠檬 琥珀 雪松 苦橙 树脂 橡木 粉红胡椒 香根草 胡椒
384644,爱马仕,闻香系列-乌木灵犀（栗色沉香）,Hermes Oud Alezan,2024,,,,沉香(乌木) 玫瑰
793461,爱马仕,亚马逊清新版,Hermes Amazone Eau de Fraicheur,1993,香柠檬 橘子 黑加仑 树莓,水仙花 茉莉 晚香玉,香根草 木质,
231743,爱马仕,爱马仕的一天香精版,Hermes Jour d'Hermes Parfum,2013,柠檬 葡萄柚 水,栀子花 白色花系 绿叶 香豌豆,木质 麝香,
124925,爱马仕,凯莉凯来诗（凯莉驿马车）精粹,Hermes Kelly Caleche Extrait,2008,,,,皮革 鸢尾花 含羞草 水仙花 柑橘
795242,爱马仕,法布街（福宝大道）24号香精版,Hermes 24 Faubourg Extrait de Parfum,1995,,,,白色花系 鸢尾花 木质 花香 麝香
495532,爱马仕,大地H,Hermes Terre d'Hermès flacon H,2013,橙子 葡萄柚,天竺葵属 胡椒,香根草 雪松 广藿香 安息香脂,
521274,爱马仕,舞会明星,Hermes Eau des Merveilles Au Bal des Etoiles,2012,,,,苦橙 橡木 胡椒 龙涎香
195041,爱马仕,橘彩星光纯香精,Hermes Parfum des Merveilles,2005,,,,秘鲁香脂 橡木 广藿香 琥珀 橡木苔
360042,爱马仕,大地H特别版,Hermes Terre d'Hermes Flacon H,2015,橙子 葡萄柚,胡椒 天竺葵属,香根草 雪松 安息香脂 广藿香,
391004,爱马仕,橘彩星光升级限量版,Hermes Elixir des Merveilles Limited Edition Collector,2014,,,,秘鲁香脂 树脂 橡木 橙子 广藿香 焚香 雪松 焦糖 琥珀 零陵香豆 香草 檀香木
362514,爱马仕,大地H特别版淡香水,Hermes Terre d'Hermes Flacon H Eau de Toilette,2020,葡萄柚 橙子,天竺葵属 胡椒,香根草 安息香脂 广藿香 雪松,
744755,爱马仕,鸢尾麝香,Hermes Hermessence Musc Pallida,2018,,,,麝香 鸢尾花
164041,爱马仕,琥珀奇迹,Hermes L'Ambre des Merveilles Calligraphie,2016,,,,香草 琥珀 劳丹脂 广藿香
821385,爱马仕,橘彩星光10周年限量版,Hermes Eau des Merveilles 10th Anniversary Edition,2014,苦橙 柠檬 榄香脂,粉红胡椒 胡椒 龙涎香 紫罗兰,冷杉 雪松 橡木苔 香根草,
313340,爱马仕,闻香系列-豆蔻麝香,Hermes Hermessence Cardamusc,2018,,,,小豆蔻 麝香
385422,爱马仕,橘彩星光星云版,Hermes Eau Des Merveilles Limited Edition,2009,橙子 柠檬 榄香脂,琥珀 胡椒 粉红胡椒 紫罗兰,冷杉 雪松 香根草 橡木苔,
403762,爱马仕,大地H香精,Hermes Terre d'Hermes Flacon H Parfum,2016,橙子 葡萄柚,火石,橡木苔 安息香脂 木质,
606464,爱马仕,橘绿之泉文雅版,Hermes Eau d'Orange Douce,2005,苦橙叶 绿叶 橙花油,绿叶 橙子 橘子 椴树花,雪松 檀香木 广藿香,
126482,爱马仕,大地H特别版淡香水,Hermes Terre d'Hermes Flacon H Eau de Toilette,2016,橙子 葡萄柚,胡椒 天竺葵,广藿香 香根草 雪松 安息香脂,
473090,爱马仕,橘彩星光限量版,Hermes Eau des Merveilles Limited Edition,2013,橙子 榄香脂 柠檬,琥珀 胡椒 粉红胡椒 紫罗兰,冷杉 橡木苔 雪松 香根草,
794225,爱马仕,牛皮,Hermes Doblis,1955,洋甘菊 芫荽 百里香,玫瑰 茉莉,皮革 橡木苔 麝香 檀香木,
548521,爱马仕,灵丹妙药,Hermes Elixir Des Merveilles Calligraphie,2018,,,,橙子 树脂 檀香木 橡木 香草 琥珀 焦糖 秘鲁香脂 零陵香豆 焚香 广藿香 雪松
642661,爱马仕,马车地中海之花,Hermes Caleche Fleurs de Mediterranee,2003,,,,蜂蜡 含羞草 茉莉 向日葵 玫瑰 紫罗兰叶
501523,爱马仕,芳香橘绿之泉,Hermes Aroma d'Orange Verte,2003,,,,橙子 橘子 雪松 果香 椴树花
856211,爱马仕,橘彩星光星空限量版,Hermes Eau Des Merveilles La Tete Dans Les Etoiles,2009,橙子 柠檬 榄香脂,粉红胡椒 紫罗兰 琥珀 胡椒,冷杉 香根草 雪松 橡木苔,
662368,爱马仕,大地H特别版淡香水,Hermes Terre d'Hermes Flacon H Eau de Toilette,2021,橙子 葡萄柚,胡椒 天竺葵,香根草 广藿香 雪松 安息香脂,
117638,爱马仕,福宝大道24号女士与巴士白色版,Hermes 24 Faubourg Jeu Des Omnibus Et Dames Blanches,2011,风信子 香柠檬 橙子 依兰 桃子,橙花 栀子花 接骨木花 茉莉 鸢尾花,琥珀 檀香木 广藿香 香草,
172914,爱马仕,大地H特别版淡香水,Hermes Terre d'Hermes Flacon H Eau de Toilette,2019,橙子 葡萄柚,胡椒 天竺葵属,香根草 雪松 广藿香 安息香脂,
730711,爱马仕,福宝大道24号嬉戏限量版,Hermes 24 Faubourg Jeu De Lignes et de Lumiere,2009,风信子 桃子 依兰 橙子 香柠檬,接骨木花 鸢尾花 橙花 茉莉 栀子花,琥珀 广藿香 香草 檀香木,
537341,爱马仕,大地H,Hermes Terre d’Hermes Flacon H,2012,橙子 葡萄柚,胡椒 天竺葵属,香根草 广藿香 雪松 安息香脂,
316315,爱马仕,大地H特别版,Hermes Terre d'Hermes Flacon H,2018,橙子 葡萄柚,天竺葵属 胡椒,香根草 广藿香 雪松 安息香脂,
738158,爱马仕,大地H特别版香精,Hermes Terre d'Hermes Flacon H Parfum,2019,橙子 葡萄柚,天竺葵属 胡椒,香根草 乳香 雪松 广藿香,
949373,爱马仕,橘彩星光香精2006版,Hermes Parfum des Merveilles,2006,,,,柑橘 干邑白兰地 广藿香 琥珀 秘鲁香脂 橡木 橡木苔 绿叶
200079,爱马仕,大地H特别版香精,Hermes Terre d'Hermes Flacon H Parfum,2021,橙子 葡萄柚,火石,木质 安息香脂 橡木苔,
651392,爱马仕,福宝大道24号锚链,Hermes 24 Faubourg Chaine d'Ancre,2013,依兰 风信子 橙子 桃子 香柠檬,接骨木花 鸢尾花 栀子花 橙花 茉莉,檀香木 琥珀 广藿香 香草,
402666,爱马仕,大地视界特别版,Hermes Terre d'Hermes Perspective,2014,葡萄柚 橙子,胡椒 天竺葵属,雪松 香根草 广藿香 安息香脂,
398866,爱马仕,福宝大道24号金马刺限量版,Hermes 24 Faubourg Eperon d'Or Limited Edition,2011,风信子 依兰 香柠檬 橙子 桃子,栀子花 橙花 鸢尾花 茉莉,琥珀 香草 广藿香 檀香木,
337626,爱马仕,大地H特别版,Hermes Terre d'Hermes Flacon H,2010,橙子 葡萄柚,胡椒 天竺葵,香根草 广藿香 雪松 安息香脂,
913229,爱马仕,大地H浓香精,Hermes Terre d'Hermes Flacon H Parfum,2018,橙子 葡萄柚,胡椒 天竺葵属,广藿香 雪松 香根草 安息香脂,
989879,爱马仕,大地H,Hermes Terre d’Hermes Flacon H,2009,橙子 葡萄柚,胡椒 天竺葵属,香根草 广藿香 雪松 安息香脂,
150633,爱马仕,大地H特别版香精,Hermes Terre d'Hermes Flacon H Parfum,2020,橙子 葡萄柚,火石,木质 橡木苔 安息香脂,
893603,爱马仕,维多利亚之水,Hermes Eau de Victoria,1944,,,,
503907,爱马仕,马场,Hermes Paddock,2024,,,,干草 胡萝卜籽 杜松油 松焦油 皮革
256975,爱马仕,银座之水,Hermes Eau de Ginza,2006,,,,樱花 木兰 果香 绿叶
721633,爱马仕,爱马仕之水加冕特别版 Hermes Édition Spéciale de L'Eau d'Hermès pour la Célébration du,Couronnement de Sa Majesté l'Empereur du Japon,1990,薰衣草 香柠檬 苦橙叶 柠檬 鼠尾草,茉莉 天竺葵 孜然 芫荽 肉桂 小豆蔻 公丁香,桦木 皮革 檀香木 零陵香豆 雪松 香草 劳丹脂 橡木苔,
480426,爱马仕,爱马仕之光（爱马仕的一天）,Hermes Jour d'Hermes,2013,葡萄柚 柠檬 水,白色花系 栀子花 绿叶 香豌豆,麝香 木质,
512583,爱马仕,爱马仕之旅,Hermes Voyage d'Hermes,2010,小豆蔻 柠檬 辛香料 杜松子,茶叶 绿叶 花香,木质 麝香 雪松,
747454,爱马仕,雪白龙胆,Hermes Eau de Gentiane Blanche,2009,,,,秦艽 鸢尾花 麝香 焚香
834423,爱马仕,法布街（福宝大道）24号淡香水,Hermes 24 Faubourg,1995,风信子 橙子 依兰 桃子 香柠檬,橙花 栀子花 茉莉 接骨木花 鸢尾花,琥珀 檀香木 广藿香 香草,
486751,爱马仕,闻香系列-云南丹桂,Hermes Hermessence Osmanthe Yunnan,2005,茶叶 橙子,桂花 小苍兰,杏 皮革,
951615,爱马仕,闻香系列-玫瑰花道,Hermes Hermessence Rose Ikebana,2004,,,,玫瑰 大黄 茶叶 柠檬 醋栗叶 橙子 麝香 辛香料 果香
563412,爱马仕,大地泠洌之水（霜冻大地）,Hermes Terre d'Hermes Eau Givree,2022,香橼,杜松子 帖木儿,木质 矿物质,
515909,爱马仕,雨后花园（印度花园）,Hermes Un Jardin Apres la Mousson,2008,,,,生姜 生姜 小豆蔻 胡椒 芫荽 水 柑橘 香根草 花香 姜百合
596914,爱马仕,大地清新,Hermes Terre d'Hermes Eau Tres Fraiche,2014,橙子 柑橘 水,天竺葵,木质 雪松 广藿香,
606583,爱马仕,粉红葡萄柚古龙水,Hermes Eau de Pamplemousse Rose,2009,,,,葡萄柚 橙子 玫瑰
692169,爱马仕,蓝色橘彩星光,Hermes Eau des Merveilles Bleue,2016,,,,海水 木质 广藿香 杜松子 矿物质
757126,爱马仕,黑柠檬（黑色香橼）,Hermes Eau de Citron Noir,2018,,,,柠檬 青柠 烟雾 香橼 愈创木 茶叶
989516,爱马仕,爱马仕之光纯香,Hermes Jour d'Hermes Absolu,2014,葡萄柚 杏树花,栀子花 花香 茉莉,木质 橡木苔,
882266,爱马仕,爱马仕之旅香精版,Hermes Voyage d'Hermes Parfum,2012,小豆蔻 柠檬 辛香料 杜松,茶叶 绿叶 玫瑰 花香 希蒂莺,木质 麝香 琥珀 檀香木,
154953,爱马仕,凯莉凯来诗（凯莉驿马车）淡香水,Hermes Kelly Caleche,2007,葡萄柚 水仙花 铃兰,玫瑰 含羞草 晚香玉,皮革 鸢尾花,
854289,爱马仕,鸢尾花,Hermes Hiris,1999,鸢尾花 芫荽 康乃馨 琥珀,鸢尾花 橙花油 玫瑰,雪松 杏树 蜂蜜 香草,
770004,爱马仕,橘彩星光淡香精,Hermes Elixir des Merveilles,2006,,,,树脂 橙子 琥珀 秘鲁香脂 焦糖 雪松 橡木 广藿香 焚香 檀香木 零陵香豆 香草
932876,爱马仕,大地馥郁香根草,Hermes Terre D'Hermes Eau Intense Vetiver,2018,香柠檬 葡萄柚 柠檬,花椒 天竺葵,香根草 乳香 广藿香 琥珀木,
735988,爱马仕,闻香系列-琥珀云烟,Hermes Hermessence Ambre Narguile,2004,,,,肉桂 蜂蜜 朗姆酒 焦糖 零陵香豆 香草 安息香脂 香豆素 劳丹脂 烟草 芝麻 麝香 兰花
244742,爱马仕,律动二十四,Hermes H24,2021,,,,快乐鼠尾草 水仙花 黑檀红木 斯克拉琳
573225,爱马仕,丝巾（丝意）,Hermes Twilly d’Hermès,2017,生姜 苦橙 香柠檬,晚香玉 橙花 茉莉,檀香木 香草,
789946,爱马仕,驿马车,Hermes Caleche,1961,醛 柏树 香柠檬 橙花油 橙花 柠檬 橘子,鸢尾花 依兰 玫瑰 栀子花 茉莉 铃兰,橡木苔 檀香木 香根草 雪松 麝香 琥珀 零陵香豆,
248657,爱马仕,闻香系列-檀香玛索亚,Hermes Hermessence Santal Massoïa,2011,,,,檀香木 厚壳桂 牛奶 干果 糖 花香
523915,爱马仕,龙涎柑橘,Hermes Eau de Mandarine Ambrée,2013,橘子,百香果,琥珀,
580338,爱马仕,蓝色水仙花,Hermes Eau de Narcisse Bleu,2013,,,,水仙花 橙花 香柠檬
880005,爱马仕,凯莉凯来诗（凯莉驿马车）淡香精,Hermes Kelly Caleche Eau de Parfum,2009,,,,皮革 玫瑰 紫罗兰 含羞草 鸢尾花 香草 晚香玉
492449,爱马仕,基西拉岛（西苔岛）花园,Hermes Un Jardin à Cythère,2023,,,,柑橘 开心果 橄榄树 绿叶
827656,爱马仕,橘彩星光琥珀版,Hermes L’Ambre des Merveilles,2012,,,,琥珀 香草 劳丹脂 广藿香
379017,爱马仕,金色橙花,Hermes Eau de Néroli Doré,2016,苦橙,橙花油,藏红花,
616958,爱马仕,潟湖（泻湖）花园,Hermes Un Jardin Sur La Lagune,2019,,,,海水 木兰 木质 百合 海桐花
267722,爱马仕,漂亮朋友,Hermes Bel Ami,1986,鼠尾草 香柠檬 小豆蔻 柠檬 橘子,康乃馨 广藿香 雪松 罗勒 鸢尾根 茉莉,皮革 橡木苔 安息香 香根草 琥珀 香草 椰子,
170413,爱马仕,暗影橘彩星光淡香精,Hermes L'Ombre Des Merveilles,2020,茶叶,焚香,零陵香豆,
282466,爱马仕,闻香系列-鸢尾浮世绘,Hermes Hermessence Iris Ukiyoé,2010,,,,鸢尾花 橙花 橘子 玫瑰
828293,爱马仕,船员,Hermes Equipage,1970,巴西红木 肉豆蔻 快乐鼠尾草 醛 香柠檬 橙子 龙蒿 马郁兰,康乃馨 松树 肉桂 铃兰 茉莉 牛膝草 鹿舌草花,橡木苔 香根草 广藿香 零陵香豆 麝香 香草 琥珀,
860910,爱马仕,巴赫尼,Hermes Barénia,2024,,,,森林水果 姜花 广藿香 橡木 芳香植物 皮革
993836,爱马仕,闻香系列-没药玫瑰,Hermes Hermessence Myrrhe Eglantine,2018,,,,玫瑰 没药
335146,爱马仕,闻香系列-馨香芳果,Hermes Hermessence Vetiver Tonka,2004,,,,香根草 零陵香豆 榛子 烟草 果仁糖 焦糖 檀香木 铃兰
905260,爱马仕,闻香系列-天使皮革,Hermes Hermessence Cuir d'Ange,2014,,,,皮革 紫罗兰 麝香 天芥菜 山楂 水仙花
792385,爱马仕,丝意粉红椒香,Hermes Twilly d'Hermes Eau Poivree,2019,,,,粉红胡椒 玫瑰 广藿香
222500,爱马仕,闻香系列-茉莉雪松,Hermes Hermessence Cedre Sambac,2018,,,,茉莉 雪松
352798,爱马仕,粉红葡萄柚淡香水,Hermes Concentré de Pamplemousse Rose EDT,2011,葡萄柚,玫瑰,香根草,
815444,爱马仕,闻香系列-琼脂乌木,Hermes Hermessence Agar Ebene,2018,,,,冷杉 沉香(乌木)
541806,爱马仕,闻香系列-椒香丝路,Hermes Hermessence Poivre Samarcande,2004,,,,胡椒 橡木 甜椒 雪松 葛缕子 橡木苔 广藿香 绿叶
341154,爱马仕,驰骋,Hermes Galop d'Hermes,2016,木梨 藏红花,玫瑰 桂花,皮革 麝香,
739446,爱马仕,洛卡巴,Hermes Rocabar,1998,雪松 杜松 芫荽 柠檬 香柠檬,柏树 雪松 小豆蔻 康乃馨 紫罗兰,冷杉 安息香脂 橡木苔 香草 广藿香,
188982,爱马仕,法布街（福宝大道）24号淡香精,Hermes 24 Faubourg EDP,1995,香柠檬 风信子 橙子 桃子 依兰,栀子花 鸢尾花 茉莉 橙花 接骨木花,琥珀 广藿香 檀香木 香草,
852289,爱马仕,亚马逊,Hermes Amazone,1974,白松香 醋栗叶 橙花油 巴西红木 橘子 香柠檬 紫罗兰叶,水仙花 风信子 黑加仑 玫瑰 鸢尾花 鸢尾根 茉莉 树莓 铃兰,橡木苔 香根草 橙花油 雪松 檀香木 肉桂 依兰 琥珀,
800330,爱马仕,律动二十四淡香精,Hermes H24 Eau de Parfum,2022,,,,橡木苔 快乐鼠尾草 斯克拉琳 水仙花 巴西红木
527122,爱马仕,驿马车香精版,Hermes Caleche Soie de Parfum,1992,醛 香橼 橙花油 香柠檬,鸢尾花 玫瑰 玫瑰 茉莉 橙花 铃兰,橡木苔 檀香木 香根草 雪松,
800126,爱马仕,闻香系列-刀锋薰衣草,Hermes Hermessence Brin de Reglisse,2007,,,薰衣草 甘草 干草,
154390,爱马仕,闻香系列-陶瓷铃兰,Hermes Hermessence Muguet Porcelain,2016,绿叶 梨,铃兰 希蒂莺 橙花油,动物气息 麝香,
441346,爱马仕,漂亮朋友香根草,Hermes Bel Ami Vetiver,2013,,,,皮革 香根草 榄香脂 安息香 琥珀 康乃馨 小豆蔻 鸢尾花 香草 麝猫香 罗勒 广藿香
874376,爱马仕,闻香系列-风铃兰花,Hermes Hermessence Vanille Galante,2009,,,,花香 香草 干邑白兰地 木质 辛香料 麝香 可可果 烟草
730341,爱马仕,丝意姜香,Hermes Twilly Eau Ginger,2021,牡丹,生姜 姜糖,雪松,
792516,爱马仕,胭脂,Hermes Rouge Hermes,2000,玫瑰 依兰 鸢尾花,檀香木 琥珀 香草 雪松,辛香料 桃金娘,
514721,爱马仕,律动二十四沁然逸动,Hermes H24 Herbes Vives,2024,芳香植物,梨,绿叶,
997193,爱马仕,爱马仕之光栀子花,Hermes Jour d’Hermes Gardenia,2015,,,,栀子花 晚香玉 茉莉 柑橘 玫瑰
831459,爱马仕,闻香系列-巴西甜椒,Hermes Hermessence Paprika Brasil,2006,甜椒 甜椒 公丁香,鸢尾花 绿叶,木质 桃花心木 木犀草,
209657,爱马仕,同名古龙水,Hermes Eau de Cologne Hermes,1953,橘子 柠檬 薄荷 罗勒 香柠檬 芫荽 木瓜 芒果,苦橙叶 薰衣草 迷迭香 橙花油 忍冬 铃兰,雪松 橡木苔 檀香木 广藿香 麝香,
759542,爱马仕,闻香系列-香料海洋,Hermes Hermessence Epice Marine,2013,,,,海水 孜然 小豆蔻 香柠檬 香根草 橡木苔 威士忌 榛子 芝麻 肉桂
757691,爱马仕,天竺葵船员,Hermes Equipage Geranium,2015,,,,天竺葵 辛香料 檀香木
413217,爱马仕,奇迹之水（橘彩星光花香版）,Hermes Eau Claire des Merveilles,2010,,,,木质 琥珀 花香 香草
554912,爱马仕,紫罗勒古龙水,Hermes Eau de Basilic Pourpre,2022,香柠檬,罗勒 天竺葵,辛香料 广藿香,
446322,爱马仕,驿马车,浓香精 Hermes Caleche Parfum,1961,醛 橙花油 香柠檬 柠檬 橘子,鸢尾根 依兰 栀子花 茉莉 玫瑰 铃兰,橡木苔 檀香木 乳香 琥珀 麝香 香根草 柏树 零陵香豆 雪松 香豆素,
702523,爱马仕,爱马仕之水,Hermes Eau D'Hermes,1951,香柠檬 薰衣草 柠檬 苦橙叶 鼠尾草,小豆蔻 肉桂 孜然 天竺葵 茉莉 公丁香 芫荽,皮革 桦木 檀香木 零陵香豆 雪松 香草 橡木苔 劳丹脂,
846640,爱马仕,大地馥郁,Hermes Terre d'Hermès Eau de Parfum Intense,2025,香柠檬 胡椒,咖啡 甘草,木质 熔岩 结石,
695247,爱马仕,蹦蹦跳跳,Hermes Cabriole,2022,忍冬,桂花,檀香木,
200027,爱马仕,爱马仕之香,Hermes Parfum d'Hermes,1984,醛 风信子 白松香 香柠檬,玫瑰 依兰 鸢尾花 茉莉,没药 焚香 檀香木 辛香料 琥珀 雪松 香草 香根草,
342448,爱马仕,丝意荔韵,Hermes Tutti Twilly,2023,,,,荔枝 生姜 麝香 花香
458121,爱马仕,玫瑰亚马逊,Hermes Rose Amazone,2014,黑加仑叶 红醋栗 葡萄柚 橘子 香柠檬 柠檬,玫瑰 黑莓 树莓 花香,木质 香草 琥珀,
581770,爱马仕,法布街（福宝大道）24号淡香精24号,Hermes 24 Faubourg Eau de Parfum Edition Numero 24,2015,橙子 风信子 香柠檬 桃子 依兰,鸢尾花 栀子花 接骨木花 橙花 茉莉,广藿香 琥珀 檀香木 香草,
440346,爱马仕,法布街（福宝大道）24号清新版,Hermes 24 Faubourg Eau Delicate,2003,,,,橙花 茉莉 天竺葵 月桂叶 麝香 檀香木
667787,爱马仕,亚马逊,Hermes Amazone,2017,醋栗叶 黑加仑花,白松香 水仙花 红浆果,香根草,
753500,爱马仕,巴赫尼馥郁,Hermes Barénia Eau de Parfum Intense,2025,,,,广藿香 皮革 橡木 姜百合
215256,爱马仕,闻香系列-紫罗兰沃林卡,Hermes Violette Volynka,2022,,,,皮革 紫罗兰 紫罗兰叶
995274,爱马仕,橘彩星光马车限量版,Hermes Eau des Merveilles Constellation,2006,冷杉 橙子 胡椒,雪松 橡木 琥珀,秘鲁香脂 安息香脂 木质,
392285,爱马仕,大地限量版,Hermes Terre d'Hermes Metal Flacon,2014,橙子 葡萄柚,胡椒 天竺葵属,香根草 雪松 广藿香 安息香脂,
407870,爱马仕,橘彩星光琥珀限量版,Hermes L'Ambre des Merveilles Limited Edition Collector,2014,,,,琥珀 香草 劳丹脂 广藿香
819362,爱马仕,胭脂清新版,Hermes Rouge Hermes Eau Delicate,2002,醛 依兰,玫瑰 香草,劳丹脂 琥珀 雪松,
722441,爱马仕,驿马车清新版,Hermes Caleche Eau Delicate,2003,醛 依兰,茉莉 玫瑰,雪松 檀香木,
